NR_ZONA,NR_LOCAL_VOTACAO,votos_cristovam,endereco,nome,total_validos,share,NM_LOCAL_VOTACAO,lat,lon
15,1449,2776,AVENIDA CASTANHEIRAS LOTE 370,CENTRO UNIVERSITARIO EURO AMERICANO - UNIEURO,25376,10.939470365699874,CENTRO UNIVERSITARIO EURO AMERICANO - UNIEURO,-15.8322424,-48.037452
15,1317,2636,QUADRA 301 ÁREA ESPECIAL S/N,ESCOLA LA SALLE,23338,11.294883880366784,ESCOLA LA SALLE,-15.8274594,-48.013953
15,1414,2355,"AVENIDA PAU BRASIL, LOTE 2 - ÁGUAS CLARAS - DISTRITO FEDERAL",UNIPLAN -CENTRO UNIVERSITÁRIO PLANALTO DO DISTRITO FEDERAL,21390,11.009817671809257,UNIPLAN -CENTRO UNIVERSITÁRIO PLANALTO DO DISTRITO FEDERAL,-15.8385399,-48.0264639
14,1317,2104,SEPN 707/907,UNICEUB,17380,12.105868814729574,UNICEUB,-15.7669262,-47.8931509
11,1163,1985,"SH/AOS ENTRE AREAS 01/04, LOTE 08, OCTOGONAL",COLEGIO CIMAN,14528,13.663270925110133,COLEGIO CIMAN,-15.8074897,-47.9400829
15,1384,1944,QS 03 RUA 420 LOTE 02,COLEGIO LEONARDO DA VINCI,19604,9.916343603346256,COLEGIO LEONARDO DA VINCI,-15.8477288,-48.0413271
14,1031,1914,SGAN 914 CONJUNTO I,CENTRO EDUCACIONAL LEONARDO DA VINCI,15150,12.633663366336634,CENTRO EDUCACIONAL LEONARDO DA VINCI,-15.7462345,-47.9003217
2,1481,1832,SHIN QL 9/11- AE S/N  LOTE B,COLEGIO E FACULDADE CECAP,11884,15.415684954560755,COLEGIO COC LAGO NORTE,-15.7461065,-47.841181
18,1236,1715,RODOVIA DF 001 KM 27,ESAF- ESCOLA DE ADMINISTRAÇÃO FAZENDÁRIA,14010,12.241256245538901,COLÉGIO OBJETIVO DF - JARDIM BOTÂNICO,-15.8870294,-47.8068157
18,1171,1645,SHIS QI 21 AREA ESPECIAL CONJUNTO 01,ESCOLA DAS NACOES,11362,14.478084844217568,ESCOLA DAS NACOES,-15.8534531,-47.8504287
18,1147,1588,SHIS QI 05 CHACARA 74/79,COLÉGIO PRESBITERIANO MACKENZIE,11912,13.331094694425788,COLÉGIO PRESBITERIANO MACKENZIE,-15.8502719,-47.8973719
11,1139,1562,"EQSW 303/304, SETOR SUDOESTE",CECAN - CENTRO DE ENSINO CANDANGUINHO,10598,14.738629930175504,MAPLE BEAR ( ANTIGO CANDANGUINHO - CECAN ),-15.8007545,-47.9278285
11,1171,1527,"SHCSW/EQSW 301/302, LOTE 02, SETOR SUDOESTE",CASA THOMAS JEFFERSON,10766,14.183540776518669,CASA THOMAS JEFFERSON,-15.7959866,-47.9230214
9,1120,1463,EQ 17/19 AE A,CENTRO EDUCACIONAL 3,14012,10.441050528118756,CENTRO EDUCACIONAL 3,-15.8393197,-47.9755566
15,1465,1398,RUA TAMBORIL LOTE 1,COLEGIO IPÊ ( SOCIEDADE CANDANGA DE EDUCAÇÃO E CULTURA LTDA),12378,11.29423170140572,COLÉGIO MARISTA - ÁGUAS CLARAS,-15.83691175,-48.00788996
9,1295,1337,AREA ESPECIAL 10 LOTE C,FACULDADE PROJEÇÃO- PERTO TERMINAL RODOVIARIO GUARA II,13620,9.816446402349486,FACULDADE PROJEÇÃO- PERTO TERMINAL RODOVIARIO GUARA II,-15.8397279,-47.9661114
18,1104,1324,QUADRA 05 CONJ.A ÁREA ESPECIAL 1,CAIC UNESCO,13118,10.093001982009453,CAIC UNESCO,-15.9019729,-47.7739064
2,1465,1286,SHIN QI 04/06 AE LAGO NORTE,CENTRO DE ENSINO FUNDAMENTAL 01 DO LAGO NORTE,9122,14.09778557333918,CENTRO DE ENSINO FUNDAMENTAL 01 DO LAGO NORTE,-15.7334732,-47.8729548
11,1090,1231,"AOS 06/08,  ÁREA ESPECIAL, OCTOGONAL",ESCOLA CLASSE 08,9176,13.41543156059285,ESCOLA CLASSE 08,-15.8032204,-47.9454231
15,1481,1206,"RUA 14 SUL, LOTE 06",CENTRO EDUCACIONAL SIGMA,10364,11.636433809340023,CENTRO EDUCACIONAL SIGMA,-15.8387381,-48.0190753
10,1155,1186,NUCLEO HABIT. SUL-AE 01 LOT F-PROX  Q17  PARK WAY VARGEM BONITA 71750,CENTRO EDUCACIONAL  VARGEM BONITA,9648,12.292703150912105,CENTRO EDUCACIONAL  VARGEM BONITA,-15.9344729,-47.940947
9,1147,1167,EQ 28/30 AE A,ESCOLA CLASSE 08 (ANTIGO CEF 07),11952,9.7640562248996,ESCOLA CLASSE 08 (ANTIGO CEF 07),-15.8395818,-47.9805457
21,1210,1141,QD 804 ÁREA ESPECIAL 01,CENTRO DE ENSINO FUNDAMENTAL 804 - RECANTO DAS EMAS,12014,9.49725320459464,CENTRO DE ENSINO MÉDIO 804 DO RECANTO DAS EMAS,-15.9202169,-48.0579685
17,1040,1116,LOTE 27/36 A.E. S.CENTRAL LADO OESTE,CENTRO DE ENSINO MEDIO 02,14616,7.635467980295567,CENTRO DE ENSINO MEDIO 02,-16.0149,-48.070045
5,1066,1094,QUADRA 04 AREA ESPECIAL 4,CENTRO DE ENSINO MEDIO 01,11630,9.4067067927773,CENTRO DE ENSINO MEDIO 01,-15.6533186,-47.7986834
15,1457,1083,QS 07 LOTE 1 EPCT - TAGUATINGA SUL,CENTRO EDUCACIONAL CATOLICA DE BRASILIA,13024,8.315417690417691,CENTRO EDUCACIONAL CATOLICA DE BRASILIA,-15.8627607,-48.0330119
19,1210,1081,COL AGRÍCOLA SAMAMBAIA CH 40 LTS 01 E 02,FACULDADE MAUÁ,14410,7.501734906315059,,,
10,1031,1077,2 AVENIDA  AREA ESPECIAL 11,COLEGIO LA SALLE,10810,9.96299722479186,COLEGIO LA SALLE,-15.8687502,-47.9673793
13,1600,1072,QN 401 CONJUNTO D LOTES 01/02,CCI SÊNIOR,14094,7.6060735064566485,CCI SÊNIOR,-15.86692117,-48.09584853
2,1538,1034,CA 06 LOTE A,COLÉGIO DO SOL,9114,11.345183234584157,COLÉGIO DO SOL,-15.7146792,-47.8816472
1,1422,1021,SEPS 704/904 CONJUNTO A,UDF,7946,12.849232318147497,UDF,-15.8028798,-47.8993918
14,1201,1021,SGAN 609 MODULO D,IESB - INSTITUTO DE EDUCACAO SUPERIOR DE BRASILIA,7660,13.328981723237598,IESB - INSTITUTO DE EDUCACAO SUPERIOR DE BRASILIA,-15.7575555,-47.8782928
2,1490,994,SHIN QI 3 CONJUNTO D A.E,COLEGIO INDI BIBIA,7282,13.650096127437516,COLEGIO INDI BIBIA,-15.7296387,-47.8626899
18,1180,983,SHIS QI 07 CONJUNTO 17 LOTE F,INEI / SIGMA - LAGO SUL,6938,14.1683482271548,COLÉGIO NOSSA SENHORA DO PERPÉTUO SOCORRO,-15.8421315,-47.8961035
11,1120,977,"SHCES Q 805, LOTE 02,  ÁREA ESPECIAL, CRUZEIRO NOVO",CENTRO EDUCACIONAL 02,9712,10.059719934102143,CENTRO EDUCACIONAL 02,-15.7965993,-47.9383952
6,1570,966,ÁREA ESPECIAL COND. ARAPOANGA,CENTRO DE ENSINO FUNDAMENTAL ARAPOANGA,7452,12.962962962962962,CENTRO DE ENSINO FUNDAMENTAL ARAPOANGA,-15.640276,-47.6406895
4,1457,962,AVENIDA S/N - RESIDENCIAL SANTOS DUMONT- SANTA MARIA,CENTRO DE ENSINO FUNDAMENTAL SANTOS DUMONT,11030,8.72166817769719,CENTRO DE ENSINO FUNDAMENTAL SANTOS DUMONT,-15.99349104,-47.99758634
11,1031,958,"SRES Q 01, LOTE 05, AREA ESPECIAL, CRUZEIRO VELHO",CENTRO DE ENSINO FUNDAMENTAL 01,9398,10.193658225154287,CENTRO DE ENSINO FUNDAMENTAL 01,-15.7847358,-47.9369161
17,1031,944,EQ 1/2 A.E. SETOR NORTE,CENTRO DE ENSINO FUNDAMENTAL 01 DO GAMA,11692,8.073896681491618,CENTRO DE ENSINO FUNDAMENTAL 01 DO GAMA,-16.0067935,-48.0620946
21,1090,913,QD 802  CONJ 21 AE 01 RECANTO DAS EMAS,CENTRO DE ENSINO FUNDAMENTAL 802 RECANTO DAS EMAS,10318,8.84861407249467,CENTRO DE ENSINO FUNDAMENTAL 802 DO RECANTO DAS EMAS,-15.9236094,-48.0514835
1,1899,912,SGAS 615 MÓDULO C,COLEGIO MARISTA ENSINO MÉDIO,7740,11.782945736434108,COLEGIO MARISTA ENSINO MÉDIO,-15.836891,-47.9167319
14,1074,910,SGAN 606 A/E MODULO A,SIGMA (ANTIGO INEI),8818,10.31980040825584,SIGMA (ANTIGO INEI),-15.7692767,-47.8751467
6,1880,907,COND. NOVA PLANALTINA Q. 01 RUA A ÁREA ESPECIAL,ESCOLA CLASSE 16,7852,11.551197147223636,ESCOLA CLASSE 16,-15.6192448,-47.6812183
17,1104,905,E Q 4/10 A.E.SETOR SUL,CED 08 - CENTRO EDUCACIONAL 08,10372,8.725414577709218,CED 08 - CENTRO EDUCACIONAL 08,-16.0229464,-48.0784798
5,1503,901,QUADRA 14 AREA ESP. LOTES 24/27,CENTRO EDUCACIONAL LA SALLE,8506,10.592522924994121,CENTRO EDUCACIONAL LA SALLE,-15.6508518,-47.782092
5,1074,900,QUADRA 5 AREA ESPECIAL 5,CENTRO EDUCACIONAL 03,10034,8.969503687462627,CENTRO EDUCACIONAL 03,-15.6496443,-47.8120745
9,1236,898,AREA ESPECIAL 08 MODULO B,COLEGIO ROGACIONISTA,10890,8.246097337006427,COLEGIO ROGACIONISTA,-15.846345,-47.971202
4,1139,898,CL 116 LOTE 1-M,ESCOLA CLASSE 116 DE SANTA MARIA,9404,9.549128030625265,ESCOLA CLASSE 116 DE SANTA MARIA,-16.00272786,-47.9940604
1,1384,888,SGAS 611/612 CONJUNTO E,CEM SETOR LESTE,7872,11.28048780487805,CEM SETOR LESTE,-15.8312522,-47.9068765
4,1520,886,CL 218 LOTE 01 F,ESCOLA CLASSE 218 DE SANTA MARIA,8638,10.25700393609632,ESCOLA CLASSE 218 DE SANTA MARIA,-16.00701885,-47.98742764
16,1163,883,EQNO 03/05 SETOR O,CENTRO DE ENSINO MÉDIO 09,10228,8.633163863903011,CENTRO DE ENSINO MÉDIO 09,-15.7917034,-48.124321
11,1040,881,"SHCES Q. 309, LOTE 01, AREA ESPECIAL, CRUZEIRO NOVO",CENTRO DE ENSINO FUNDAMENTAL ATHOS BULCÃO,8558,10.29446132273896,CENTRO DE ENSINO FUNDAMENTAL ATHOS BULCÃO,-15.7938672,-47.9417302
11,1147,876,"SQSW/EQSW 303/304, LOTE 03, SETOR SUDOESTE",COLÉGIO DROMOS,6316,13.869537682077265,COLÉGIO DROMOS,-15.7993631,-47.9287203
4,1503,874,CL 404 LOTE A,CENTRO DE ENSINO MEDIO 404 DE SANTA MARIA,9200,9.5,CENTRO DE ENSINO MEDIO 404 DE SANTA MARIA,-16.03384702,-48.02666894
16,1155,870,EQNO 17 CONJUNTO H LOTE 02 - EXPANSÃO SETOR O,CENTRO DE ENSINO FUNDAMENTAL 31 (ANTIGO CE 17 E 53),9160,9.497816593886462,CENTRO DE ENSINO FUNDAMENTAL 31 (ANTIGO CE 17 E 53),-15.7982256,-48.1342658
18,1058,867,SHIS QI 09 COMERCIO LOCAL  LOTE H,CENTRO EDUCACIONAL DO LAGO SUL - C.E.L.,6296,13.770648030495552,CENTRO EDUCACIONAL DO LAGO SUL - CEL,-15.8390135,-47.8767217
4,1511,864,CL 213 LOTE 01 - G,CENTRO DE ENSINO FUNDAMENTAL 213 DE SANTA MARIA,9438,9.15448188175461,CENTRO DE ENSINO FUNDAMENTAL 213 DE SANTA MARIA,-16.00866677,-48.00317899
14,1457,863,SGAN 916 MODULO D,CENTRO UNIVERSITARIO UNIEURO - UNIDADE ASA NORTE,6678,12.92303084755915,COLÉGIO IDEAL,-15.7417805,-47.9018561
4,1562,859,CL 316 LOTE 1-A,CENTRO DE ENSINO FUNDAMENTAL 316 DE SANTA MARIA,9408,9.130527210884354,CENTRO DE ENSINO FUNDAMENTAL 316 DE SANTA MARIA,-16.01115352,-47.99470489
18,1139,856,QUADRA 202/203 AREA ESPECIAL -RESIDENCIAL OESTE,CENTRO DE ENSINO MÉDIO 01 DE SAO SEBASTIAO,7690,11.131339401820545,CENTRO DE ENSINO MÉDIO 01 - CENTRÃO,-15.9014625,-47.7792896
3,1333,849,QNJ 56 AREA ESPECIAL N. 16,CENTRO EDUCACIONAL N 5,11630,7.300085984522786,CENTRO DE ENSINO MÉDIO 05,-15.8145584,-48.0877832
6,1910,844,ESTÂNCIA NOVA PLANALTINA QUADRA 01 ÁREA ESPECIAL,ESCOLA CLASSE 15,7260,11.62534435261708,ESCOLA CLASSE 15,-15.6184137,-47.6852786
2,1511,843,SHIN CA 02 LOTE 24 LAGO NORTE,CENTRO EDUCACIONAL DO LAGO NORTE,7450,11.315436241610739,CENTRO EDUCACIONAL DO LAGO NORTE,-15.7182288,-47.8795755
5,1058,842,QUADRA 3 AREA ESPECIAL 1/2,ESCOLA CLASSE 15,9542,8.82414588136659,ESCOLA CLASSE 15,-15.6522792,-47.8088243
20,1031,839,EQNN 18/20,CENTRO DE ENSINO FUNDAMENTAL 19,10564,7.9420673987126085,CENTRO DE ENSINO FUNDAMENTAL 19,-15.82647,-48.1145881
4,1180,838,CL 308 LOTE 1-B,CENTRO DE ENSINO FUNDAMENTAL 308 DE SANTA MARIA,10682,7.844972851525932,CENTRO DE ENSINO FUNDAMENTAL 308 DE SANTA MARIA,-16.02726211,-48.02291628
6,1899,838,Q. 10K CONJ.C - ÁREA ESPECIAL - ST. HAB. ARAPOANGA,CENTRO EDUCACIONAL DONA AMÉRICA GUIMARÃES,7506,11.164401811883826,CENTRO EDUCACIONAL DONA AMÉRICA GUIMARÃES,-15.6362664,-47.6327492
1,1961,835,SEPS 712/912 CONJUNTO A,UPIS - UNIAO PIONEIRA DE INTEGRACAO SOCIAL,7034,11.870912709695764,UPIS - UNIAO PIONEIRA DE INTEGRACAO SOCIAL,-15.8151904,-47.9160807
16,1074,834,EQNO 11/13 - SETOR O,CENTRO EDUCACIONAL 14 (ANTIGO CE 15),9588,8.69837296620776,CENTRO EDUCACIONAL 14 (ANTIGO CE 15),-15.7938996,-48.1295468
5,1139,834,QUADRA 12 AREA ESPECIAL 5,CENTRO EDUCACIONAL 02,9216,9.049479166666668,CENTRO EDUCACIONAL 02,-15.6482312,-47.7861616
9,1112,831,EQ 13/15  AE B,CENTRO DE ENSINO FUNDAMENTAL 8,7668,10.837245696400625,CENTRO DE ENSINO FUNDAMENTAL 8,-15.8275993,-47.9785398
19,1252,826,"COLÔNIA AGRÍCOLA VICENTE PIRES - RUA 08, CHAC. 207, LOTES 02/04",COLÉGIO DJ,9614,8.591637195756189,COLÉGIO DJ,-15.8031726,-48.0418195
13,1317,823,QS 108/110 AE 01,ESCOLA CLASSE 108,11074,7.431822286436699,ESCOLA CLASSE 108,-15.87231283,-48.07494236
17,1392,814,E Q 29/33  PR 03 A E. SETOR LESTE,CENTRO ENSINO FUNDAMENTAL 04 DO GAMA,9666,8.421270432443617,CENTRO ENSINO FUNDAMENTAL 04 DO GAMA,-16.0271681,-48.0564576
6,1139,812,SETOR EDUCACIONAL LOTES A/B,CENTRO EDUCACIONAL 01,8410,9.655172413793103,CENTRO EDUCACIONAL 01,-15.6198276,-47.6516849
4,1147,812,Q.203 AREA ESPECIAL,ESCOLA CLASSE 203,9542,8.509746384405785,ESCOLA CLASSE 203,-16.03769406,-48.03318135
2,1457,811,QUADRA 26 CONJ G ÁREA ESPECIAL,CENTRO DE ENSINO FUNDAMENTAL 03 DO PARANOÁ,8674,9.349780954576897,CENTRO DE ENSINO FUNDAMENTAL 03 DO PARANOÁ,-15.7650179,-47.7793309
21,1155,811,QD 401 AE CONJUNTO 08 LT 01,ESCOLA CLASSE 401 DO RECANTO DAS EMAS,8350,9.7125748502994,ESCOLA CLASSE 401 DO RECANTO DAS EMAS,-15.9090265,-48.0566452
10,1295,808,3 AVENIDA AE 5 LOTE A/F,ESCOLA SALESIANA SAO DOMINGOS SAVIO,8922,9.056265411342748,ESCOLA SALESIANA SAO DOMINGOS SAVIO,-15.8725747,-47.9704784
11,1180,807,"SIG QUADRA 08, LOTE 2225, PARTE F, SIG",ESCOLA CANADENSE MAPLE BEAR,6054,13.330029732408324,ESCOLA CANADENSE DE BRASÍLIA ( ANTIGA MAPLE BEAR ),-15.7956497,-47.9149087
5,1538,807,AR 10 CONJUNTO 09 LOTE 01,CENTRO EDUCACIONAL 04,8734,9.239752690634303,CENTRO EDUCACIONAL 04,-15.6462144,-47.8259604
1,1376,804,SGAS 602 PROJ D,CEJA ASA SUL C.E.S.A.S.,6348,12.665406427221171,CEJA ASA SUL C.E.S.A.S.,-15.8094757,-47.8824921
4,1619,799,E/Q 417/418 - 517/518 - LOTE 01,CENTRO DE ENSINO FUNDAMENTAL 418 DE SANTA MARIA,7494,10.661862823592207,CENTRO DE ENSINO FUNDAMENTAL 418 DE SANTA MARIA,-16.01393392,-47.9864902
2,1023,799,QD 30 CJ L LT 17,ESCOLA CLASSE 02 DO PARANOA,7118,11.22506322000562,ESCOLA CLASSE 02 DO PARANOA,-15.7639351,-47.7784965
15,1309,798,SETOR C 07 - PARTE B - AE P/ IGREJA CATÓLICA,CENT EDUC STELLA MARIS,9192,8.681462140992167,CENTRO EDUC STELLA MARIS,-15.8322195,-48.0561993
16,1082,797,EQNO 13/15 - SETOR O,ESCOLA CLASSE 33,9124,8.735203857957037,ESCOLA CLASSE 33,-15.7884434,-48.1313352
5,1112,796,QUADRA 10 RUA 4 AREA ESPECIAL 4/5,CENTRO DE ENSINO FUNDAMENTAL 05,8518,9.34491664710026,CENTRO DE ENSINO FUNDAMENTAL 05,-15.6438918,-47.7976722
3,1376,793,QNL 1 AREA ESPECIAL N.1,CENTRO EDUCACIONAL N 6,9614,8.248387767838569,CENTRO EDUCACIONAL 06,-15.8311317,-48.0787005
6,1678,792,DF 14 LT 63/67 COND. ESTÂNCIA PLANALTINA,ESCOLA CLASSE ESTÂNCIA,5992,13.21762349799733,ESCOLA CLASSE ESTÂNCIA,-15.6057955,-47.6701594
8,2011,788,EQNM 05/07,CENTRO DE ENSINO FUNDAMENTAL 07,9618,8.192971511748805,CENTRO DE ENSINO FUNDAMENTAL 07,-15.8305053,-48.0994863
18,1201,787,AREA INSTITUCIONAL N. 02 RESIDENCIAL DO BOSQUE,CENTRO DE ENSINO DO BOSQUE,6678,11.784965558550464,CENTRO DE ENSINO FUNDAMENTAL DO BOSQUE,-15.9051513,-47.7568029
2,1236,784,QD 14 CJ F LT 01,ESCOLA CLASSE 04 DO PARANOA,6928,11.316397228637413,ESCOLA CLASSE 04 DO PARANOA,-15.773077,-47.776929
15,1120,780,QSA 03/05 ÁREA ESPECIAL,CEMAB - CENTRO DE ENSINO MÉDIO AVE BRANCA,9216,8.463541666666668,CEMAB - CENTRO DE ENSINO MÉDIO AVE BRANCA,-15.83575074,-48.05360304
19,1155,779,QNB 01 AE 01 SETOR CENTRAL,CENTRO ENS MÉDIO EIT,9128,8.534180543382998,CENTRO ENS MÉDIO EIT,-15.8330382,-48.0584267
9,1066,777,QE 12 AE A,CENTRO DE ENSINO FUNDAMENTAL 4,8934,8.697112155809268,CENTRO DE ENSINO FUNDAMENTAL 4,-15.8179894,-47.9880191
4,1163,775,QR 417 LOTE A,CENTRO DE ENSINO MEDIO 417 DE SANTA MARIA,7888,9.825050709939148,CENTRO DE ENSINO MEDIO 417 DE SANTA MARIA,-16.01154671,-47.99050396
8,1791,773,QNP 09 - SETOR P NORTE,CENTRO EDUCACIONAL 05-(CEF 25),10662,7.250046895516789,CENTRO EDUCACIONAL 05-(CEF 25),-15.8150692,-48.1280841
16,1180,773,AREA ESPECIAL FRENTE MODULO 07 -  CONDOMINIO PRIVE,CENTRO DE ENSINO FUNDAMENTAL 30,6380,12.115987460815047,CENTRO DE ENSINO FUNDAMENTAL 30,-15.7858267,-48.1380054
14,1082,773,SEPN 702 LOTE B,COLEGIO MARISTA JOAO PAULO II,6366,12.14263273641219,COLEGIO MARISTA JOAO PAULO II,-15.78208,-47.8879417
8,1325,771,EQNM 04/06                                         ,ESCOLA CLASSE 06,8168,9.439275220372185,ESCOLA CLASSE 06,-15.8109826,-48.1105795
21,1180,767,QD 106 - ÁREA ESPECIAL,CENTRO DE ENSINO FUNDAMENTAL 106 DO RECANTO DAS EMAS,8718,8.797889424179859,CENTRO DE ENSINO FUNDAMENTAL 106 DO RECANTO DAS EMAS,-15.9055665,-48.0818623
20,1104,767,QNP 16  A.E,CENTRO EDUCACIONAL 06,9644,7.953131480713396,CENTRO EDUCACIONAL 06,-15.8441334,-48.1157958
11,1082,764,"SHCES Q 807,  ÁREA ESPECIAL, CRUZEIRO NOVO",ESCOLA CLASSE 06,7260,10.523415977961433,ESCOLA CLASSE 06,-15.7940477,-47.9375905
5,1171,764,QUADRA 15 AREA ESPECIAL 2,CENTRO DE ENSINO FUNDAMENTAL 04,9000,8.488888888888889,CENTRO DE ENSINO FUNDAMENTAL 04,-15.646375,-47.7783367
6,1864,763,COND. MESTRE DARMAS MOD 1 LOTE 13,CENTRO EDUCACIONAL POMPILIO MARQUES DE SOUZA,7586,10.058001581861324,CENTRO EDUCACIONAL POMPILIO MARQUES DE SOUZA,-15.5993133,-47.6830344
6,1872,762,EQ 15/16 CONJ. I AREA ESPECIAL-ARAPOANGA,ESCOLA CLASSE 01 DO ARAPOANGA,6226,12.238997751365241,ESCOLA CLASSE 01 DO ARAPOANGA,-15.6397664,-47.6359265
14,1040,760,SGAN 911 MODULO B,COLEGIO SANTA DOROTEIA,5810,13.080895008605854,COLEGIO SANTA DOROTEIA,-15.7577851,-47.8995811
2,1228,758,QUADRA 17 CONJ. C LOTE 08,ESCOLA CLASSE 03 DO PARANOA,6736,11.252969121140142,ESCOLA CLASSE 03 DO PARANOA,-15.773172,-47.7808929
8,1813,755,EQNP 13/09 - SETOR P NORTE,ESCOLA CLASSE 35,9240,8.170995670995671,ESCOLA CLASSE 35,-15.8123806,-48.1292357
14,1490,751,SGAN 912 MODULO A/B,CENTRO DE ENSINO FUNDAMENTAL 7 DE BRASILIA,6130,12.251223491027732,CENTRO DE ENSINO FUNDAMENTAL 7 DE BRASILIA,-15.7550554,-47.8986904
19,1228,750,COLÔNIA AGRÍCOLA VICENTE PIRES RUA 06 CH 255 LT 2/4,COLÉGIO ALUB (ANTIGO INSTITUTO EDUCACIONAL SAGARANA,8194,9.15303880888455,COLÉGIO KAIRÓS (ANTIGO INSTITUTO EDUCACIONAL SAGARANA,-15.8086744,-48.0417792
19,1147,749,CNB 14 LOTE 07 A 10,FACULDADE PROJECAO,9030,8.294573643410853,FACULDADE PROJECAO,-15.8210028,-48.0648674
13,1201,749,QS 431 AE 01,ESCOLA CLASSE 431,9322,8.0347564900236,ESCOLA CLASSE 431,-15.89555876,-48.14356206
9,1139,747,EQ 24/26 AE A,ESCOLA CLASSE 6,7632,9.787735849056604,ESCOLA CLASSE 6,-15.829948,-47.984436
17,1376,746,E/Q 18/21 AREA ESPECIAL - SETOR LESTE,CENTRO DE ENSINO MEDIO 01 DO GAMA,9864,7.562854825628548,CENTRO DE ENSINO MEDIO 01 DO GAMA,-16.0184553,-48.0539917
17,1015,736,E Q 16/18  A E  SETOR CENTRAL TEL 484 8226,CENTRO INTERESCOLAR DE LINGUAS - CIL,9656,7.622203811101906,CENTRO INTERESCOLAR DE LINGUAS - CIL,-16.0183809,-48.0685368
16,1147,732,EQNO 09/11 - SETOR O,ESCOLA CLASSE 31,7612,9.616395165528113,ESCOLA CLASSE 31,-15.7990799,-48.1275362
1,1902,732,SGAS 609 MODULO A,COLEGIO MARISTA DE BRASILIA,6096,12.007874015748031,COLEGIO MARISTA DE BRASILIA,-15.8253566,-47.9000934
21,1201,728,QN 512 CONJUNTO 06 AE,ESCOLA CLASSE 512 DE SAMAMBAIA,8850,8.225988700564972,ESCOLA CLASSE 512 DE SAMAMBAIA,-15.8788714,-48.0681783
8,1341,725,EQNM 08/10                                            ,CENTRO DE ENSINO 20,8312,8.7223291626564,CENTRO DE ENSINO 20,-15.8014398,-48.1165698
9,1058,722,QE 07 AE M,CENTRO ENSINO MEDIO 01  DO GUARA - CEM (GG),7652,9.435441714584423,CENTRO ENSINO MEDIO 01  DO GUARA - CEM (GG),-15.818426,-47.9808129
8,1970,719,EQNN  04/06                                         ,ESCOLA CLASSE 21,8020,8.965087281795512,ESCOLA CLASSE 21,-15.8274276,-48.1057761
14,1384,715,SQN 115,ESCOLA CLASSE 115 NORTE,4960,14.415322580645162,ESCOLA CLASSE 115 NORTE,-15.7412867,-47.8926141
17,1058,714,EQ 16/26 E 19/22 A.E. S.OESTE,CEF 10,9196,7.764245324053936,CEF 10,-16.0142508,-48.0749407
8,1406,706,EQNN 01/03,ESCOLA CLASSE 07 ( CEF 35 ),7874,8.966217932435864,ESCOLA CLASSE 07 ( CEF 35 ),-15.8180779,-48.1121004
18,1090,706,RUA 01 N.101 SETOR TRADICIONAL,CENTRO DE ENSINO CERAMICA SAO PAULO,6320,11.170886075949367,CENTRO DE ENSINO FUNDAMENTAL CERÂMICA SÃO PAULO,-15.8878014,-47.7790286
13,1171,705,QN 415/417 AE 01,ESCOLA CLASSE 415,7764,9.080370942812984,,,
4,1627,705,CL 403 - LOTE 1-A,CENTRO DE ENSINO FUNDAMENTAL 403 DE SANTA MARIA,7740,9.108527131782946,CENTRO DE ENSINO FUNDAMENTAL 403 DE SANTA MARIA,-16.03782863,-48.02643232
17,1333,703,EQ 18/21 PR. 2 A.E. S.LESTE,ESCOLA CLASSE 01 DO GAMA,9030,7.78516057585825,ESCOLA CLASSE 01 DO GAMA,-16.0174552,-48.0548111
10,1198,703,QN 01 LOTE 01/02,CENTRO DE ENSINO TELEBRASILIA,9746,7.213215678226965,CENTRO DE ENSINO TELEBRASILIA,-15.8795278,-48.0058575
16,1040,702,QNQ 4 LOTE A SETOR Q,ESCOLA CLASSE 61,8296,8.461909353905495,ESCOLA CLASSE 61,-15.8051236,-48.1440238
2,1619,701,"QUADRA 378, CONJUNTO N, ÁREA ESPECIAL, NÚMERO 2",CENTRO DE ENSINO FUNDAMENTAL DRA. ZILDA ARNS,9674,7.24622700020674,CENTRO DE ENSINO FUNDAMENTAL DRA. ZILDA ARNS,-15.7391941,-47.7623306
6,1082,701,AV. SÃO PAULO QD 52 LOTE B,CENTRO DE ENSINO FUNDAMENTAL 02,8086,8.669304971555777,CENTRO DE ENSINO FUNDAMENTAL 02,-15.6219941,-47.6566037
13,1015,699,QS 404 AREA ESPECIAL 01,CENTRO DE ENSINO FUNDAMENTAL 404,9476,7.3765301815111854,CENTRO DE ENSINO FUNDAMENTAL 404,-15.86690726,-48.08469
21,1147,698,QD 301 AE,CENTRO DE ENSINO FUNDAMENTAL 301 DO RECANTO DAS EMAS,8730,7.995418098510881,CENTRO DE ENSINO FUNDAMENTAL 301 DO RECANTO DAS EMAS,-15.909003,-48.0848959
18,1082,698,RUA DA GAMELEIRA 331 CENTRO,ESCOLA CLASSE CERAMICA DA BENCAO,6392,10.919899874843555,ESCOLA CLASSE CERAMICA DA BENCAO,-15.9045722,-47.7695692
3,1457,694,EQNM 36/38 AREA ESPECIAL,CENTRO EDUCACIONAL N 07,8804,7.882780554293503,CENTRO EDUCACIONAL 07,-15.8046791,-48.1000035
2,1015,689,QD 26 CJ G LT 01 - AREA ESPECIAL,ESCOLA CLASSE 01 DO PARANOA,5930,11.618887015177066,ESCOLA CLASSE 01 DO PARANOA,-15.76474748,-47.77840761
15,1023,688,QSA 03/04 ÁREA ESPECIAL,CEF Nº 15,8472,8.120868744098205,CEF Nº 15,-15.83466363,-48.05442931
16,1104,686,QNQ 01 - AREA ESPECIAL,ESCOLA CLASSE 62,8176,8.39041095890411,ESCOLA CLASSE 62,-15.8039749,-48.139221
13,1414,681,QS 414 AE 01,CENTRO DE ENSINO MÉDIO 414,9578,7.110043850490707,CENTRO DE ENSINO MÉDIO 414,-15.85936765,-48.07184004
21,1112,678,QD 111 AE 1,CENTRO DE ENSINO MEDIO 111 DO RECANTO DAS EMAS,8716,7.778797613584213,CENTRO DE ENSINO MÉDIO 111 DO RECANTO DAS EMAS,-15.9124337,-48.0987998
21,1082,677,QN 504 CONJUNTO 09 AREA ESPECIAL 01,CENTRO DE ENSINO FUNDAMENTAL 504 DE SAMAMBAIA,9486,7.136833227914822,CENTRO DE ENSINO FUNDAMENTAL 504 DE SAMAMBAIA,-15.8822625,-48.0783151
13,1325,674,QN 120/122 CONJUNTO 04 LOTE 01,CENTRO DE ENSINO FUNDAMENTAL 120,8772,7.683538531691747,CENTRO DE ENSINO FUNDAMENTAL 120,-15.8698287,-48.05970845
20,1163,672,EQNP 28/32,CENTRO DE ENSINO FUNDAMENTAL 14,8072,8.325074331020813,CENTRO DE ENSINO FUNDAMENTAL 14,-15.8469065,-48.1244384
18,1163,671,BR 251 KM 07 - PAD/DF,CENTRO DE ENSINO PAD/DF,3952,16.978744939271255,CENTRO EDUCACIONAL DO PAD/DF,-16.0097699,-47.5570345
5,1759,671,Q 04  AREA S/N,FACULDADE PROJEÇÃO,6504,10.316728167281672,FACULDADE PROJEÇÃO,-15.6562522,-47.8044817
18,1031,671,QD 303 CONJ 01 LOTE 34,ESCOLA CLASSE 303 DE SÃO SEBASTIÃO,6374,10.5271415123941,ESCOLA CLASSE 303,-15.9033309,-47.7820688
4,1660,670,CL 310 - CONJ H - AREA ESPECIAL,CENTRO EDUCACIONAL 310 DE SANTA MARIA,7990,8.385481852315396,CENTRO EDUCACIONAL 310 DE SANTA MARIA,-16.02340715,-48.01646825
18,1066,670,SHIS QI 15 AREA ESPECIAL 02,CENTRO DE ENSINO FUNDAMENTAL 06 DE BRASILIA,4886,13.71264838313549,CENTRO DE ENSINO FUNDAMENTAL 06 DE BRASÍLIA,-15.8559027,-47.8776218
1,1236,668,SGAS 906  CONJUNTO E LOTE 06,CENTRO EDUCACIONAL LA SALLE,5026,13.290887385594907,CENTRO EDUCACIONAL LA SALLE,-15.8017825,-47.8996432
13,1147,668,QR 325 AREA ESPECIAL 01,ESCOLA CLASSE 325,7492,8.916177255739456,ESCOLA CLASSE 325,-15.89743994,-48.12264712
18,1120,667,QUADRA 16 AREA ESPECIAL BAIRRO SAO JOSE,CENTRO DE ENSINO FUNDAMENTAL SAO JOSE,6320,10.55379746835443,CENTRO EDUCACIONAL SAO JOSE,-15.9126381,-47.7595262
9,1031,667,QE 4 AE J,CENTRO DE ENSINO FUNDAMENTAL 1,7674,8.691686213187385,CENTRO DE ENSINO FUNDAMENTAL 1,-15.812763,-47.9883101
20,1112,667,EQNP 14/18,ESCOLA CLASSE 43,7962,8.377292137653857,ESCOLA CLASSE 43,-15.8438018,-48.1103143
2,1350,667,QUADRA 31 CJ. F  AREA ESPECIAL,CENTRO EDUCACIONAL DARCY RIBEIRO,7076,9.426229508196721,CENTRO EDUCACIONAL DARCY RIBEIRO,-15.7625092,-47.7831292
20,1015,665,EQNP 32/36,ESCOLA CLASSE 52,8162,8.147512864493997,ESCOLA CLASSE 52,-15.8514925,-48.1210664
9,1287,665,QE 20 AREA ESPECIAL E,COLEGIO PROJEÇÃO,6616,10.051390568319226,COLEGIO PROJEÇÃO,-15.8196595,-47.9835818
20,1171,664,EQNP 30/34,CENTRO DE ENSINO FUNDAMENTAL 13,8376,7.927411652340019,CENTRO DE ENSINO FUNDAMENTAL 13,-15.8492055,-48.1178747
18,1155,662,QUADRA 104 CJ. 01 LOTE 01 BAIRRO RESIDENCIAL OESTE SAO SEBASTIAO,ESCOLA CLASSE 104 DE SAO SEBASTIAO,6128,10.802872062663186,ESCOLA CLASSE 104,-15.896373,-47.7828464
18,1309,661,SHIS QI 26 CJ H ÁREA ESPECIAL,CENTRO EDUCACIONAL DOM JOSÉ,5146,12.844928099494753,COLÉGIO DOM JOSÉ,-15.8241102,-47.8067134
13,1597,660,QR 409 AE 01,CAIC HELENA REIS,8466,7.7958894401133945,CAIC HELENA REIS,-15.87698977,-48.10550186
18,1074,653,SHIS QI 29 LOTE A,INSTITUTO ISRAEL PINHEIRO,4948,13.197251414713016,CCIP - CENTRO DE CONVENÇÕES ISRAEL PINHEIRO,-15.7956216,-47.7996375
17,1074,652,EQ 5/11 A.E. SETOR SUL,CEM 03,8080,8.06930693069307,CEM 03,-16.0365983,-48.0639047
20,1074,652,QNP 10 A.E,CENTRO DE ENSINO FUNDAMENTAL 18,8814,7.397322441570229,CENTRO DE ENSINO FUNDAMENTAL 18,-15.8370785,-48.1156164
6,1031,649,EQ 03/04 LOTE H-SRL,CENTRO DE ENSINO FUNDAMENTAL 08 DE PLANALTINA,6034,10.755717600265164,CENTRO DE ENSINO FUNDAMENTAL 08 DE PLANALTINA,-15.6213731,-47.6457829
6,1716,647,RUA HUGO LOBO QD 97 AREA ESPECIAL,CENTRO EDUCACIONAL STELLA DOS CHERUBINS GUIMARÃES TROIS,6662,9.711798258781148,CENTRO EDUCACIONAL STELLA DOS CHERUBINS GUIMARÃES TROIS,-15.63104,-47.6599327
11,1015,647,"SRES AREA ESPECIAL F, LOTE G, CRUZEIRO VELHO",CENTRO EDUCACIONAL 01,6358,10.17615602390689,CENTRO DE ENSINO MÉDIO INTEGRADO DO CRUZEIRO - CEMI DO CRUZEIRO,-15.78324472,-47.93780577
5,1082,643,QUADRA 6 AREA ESPECIAL 3,CENTRO DE ENSINO FUNDAMENTAL 03,6338,10.145156200694224,CENTRO DE ENSINO FUNDAMENTAL 03,-15.6508567,-47.7996267
8,1490,642,EQNP 05/01 - SETOR P NORTE,CENTRO DE ENSINO 23-(CENTRO EDUCACIONAL 11),7764,8.268933539412673,CENTRO DE ENSINO 23-(CENTRO EDUCACIONAL 11),-15.8228021,-48.125118
9,1163,641,EQ 34/36 AE B,CENTRO EDUCACIONAL 1,7572,8.46539883782356,CENTRO EDUCACIONAL 1,-15.8434501,-47.968274
14,1120,640,SQN  316,ESCOLA CLASSE 316 NORTE,4320,14.814814814814813,CENTRO DE EDUCACAO INFANTIL 316 NORTE,-15.739048,-47.8964001
13,1546,638,QR 304 CONJUNTO 04 LOTE 01,CENTRO DE ENSINO MÉDIO 304,8878,7.186303221446272,CENTRO DE ENSINO MÉDIO 304,-15.87966691,-48.07943318
21,1171,637,QD. 101 CONJ. 10B LOTES 1/2 RECANTO DAS EMAS,CENTRO DE ENSINO FUNDAMENTAL 101 DO RECANTO DAS EMAS,8120,7.844827586206897,CENTRO DE ENSINO FUNDAMENTAL 101 DO RECANTO DAS EMAS,-15.9000864,-48.0571957
10,1090,636,3  AVENIDA AREA ESPECIAL 04,CENTRO DE ENSINO MÉDIO 01,7926,8.024224072672217,CENTRO DE ENSINO MÉDIO URSO BRANCO,-15.8722555,-47.9691052
19,1074,635,QNG 40 AREA ESPECIAL 5/6,COLEGIO JESUS MARIA JOSE,7730,8.214747736093143,COLEGIO JESUS MARIA JOSE,-15.80394,-48.0731382
9,1244,632,QE 08 AREA ESPECIAL 1,COLEGIO/FACULDADE JK,7172,8.812046848856665,COLEGIO ELITE (ANTIGO JK),-15.8124054,-47.9896604
6,1651,631,QD 13 CONJ A LT 01 BURITIS III,ESCOLA CLASSE 14,5252,12.014470677837014,ESCOLA CLASSE 14,-15.61384101,-47.63190345
13,1449,630,QN 318 CONJUNTO 04 LOTE 01,ESCOLA CLASSE 318,8240,7.6456310679611645,ESCOLA CLASSE 318,-15.8758137,-48.06296216
1,2208,630,SGAS 907/908 MÓDULOS 25/26,CIL - CENTRO INTERESCOLAR DE LÍNGUAS (ELEFANTE BRANCO),4302,14.644351464435147,CIL - CENTRO INTERESCOLAR DE LÍNGUAS,-15.8083674,-47.9090913
1,1244,627,EQS 313/314 AREA ESPECIAL,ESCOLA PARQUE 313/314 SUL,4382,14.30853491556367,ESCOLA PARQUE 313/314 SUL,-15.8242676,-47.9210258
16,1546,625,"QUADRA 36 AE 03, VILA SÃO JOSÉ",CENTRO ENSINO MÉDIO Nº 02,5438,11.493196027951452,CENTRO ENSINO MÉDIO Nº 02,-15.6662732,-48.1966249
14,1619,624,EQN 210/211 A/E,ESCOLA PARQUE 210 NORTE,4206,14.835948644793154,ESCOLA PARQUE 210 NORTE,-15.754144,-47.8833441
6,1856,623,AE 03 LOTE 01-VILA PACHECO,CENTRO EDUCACIONAL VALE DO AMANHECER,5128,12.148985959438377,CENTRO EDUCACIONAL VALE DO AMANHECER,-15.6798237,-47.6566691
18,1252,623,QUADRA 02 CONJUNTO 03 LOTE 04,CENTRO DE ENSINO FUNDAMENTAL SAO BARTOLOMEU,6834,9.116183786947616,CENTRO EDUCACIONAL SAO BARTOLOMEU,-15.8937925,-47.7788185
8,1805,621,EQNP 15/11 - SETOR P NORTE                         ,ESCOLA CLASSE 39,8130,7.6383763837638385,ESCOLA CLASSE 39,-15.81375503,-48.13318283
18,1112,621,QUADRA 100 - CONJ. Q - AREA ESPECIAL N. 01BAIRRO VILA NOVA,ESCOLA CLASSE AGROVILA  SAO SEBASTIAO,5722,10.852848654316674,ESCOLA CLASSE AGROVILA,-15.9107142,-47.7585786
1,1139,619,SGAS 604  CONJUNTO C LOTES 25/26,SEB DÍNATOS,4862,12.731386260798025,SEB DÍNATOS,-15.8142801,-47.8871431
18,1040,619,RUA 31 NUMERO 200 BAIRRO SÃO JOSÉ,ESCOLA CLASSE VILA NOVA,5856,10.57035519125683,ESCOLA CLASSE VILA NOVA,-15.9134932,-47.7594672
13,1244,617,QS 312  CONJUNTO 05 LOTE 01,CENTRO DE ENSINO FUNDAMENTAL 312,7644,8.071690214547358,CENTRO DE ENSINO FUNDAMENTAL 312,-15.87639241,-48.0682108
5,1104,615,QUADRA 9 AREA ESPECIAL 05,ESCOLA CLASSE 05,7032,8.745733788395905,ESCOLA CLASSE 05,-15.6402317,-47.8018309
4,1554,614,CL 209 LOTE 1-A,CENTRO DE ENSINO FUNDAMENTAL 209 DE SANTA MARIA,6620,9.274924471299094,CENTRO DE ENSINO FUNDAMENTAL 209 DE SANTA MARIA,-16.02212844,-48.02373955
6,1635,612,EQ 4/5 SETOR RESIDENCIAL NORTE,ESCOLA CLASSE 11,5776,10.595567867036012,ESCOLA CLASSE 11,-15.603334,-47.6460613
13,1562,611,QN 427 AE 2,CENTRO DE ENSINO FUNDAMENTAL 427,8144,7.5024557956777995,CENTRO DE ENSINO FUNDAMENTAL 427,-15.89268725,-48.13829167
15,1538,610,"RUA 7 SUL, LOTE 04",COLÉGIO OLIMPO LTDA,5552,10.987031700288185,COLÉGIO OLIMPO LTDA,-15.8364575,-48.0134833
5,1660,610,AR 03 LOTE 04 AREA ESP. ST OESTE,CENTRO DE ENSINO FUNDAMENTAL 08,6588,9.25925925925926,CENTRO DE ENSINO FUNDAMENTAL 08,-15.6393266,-47.8282653
14,1430,608,EQN 212/412 A/E BLOCO C,COLEGIO JK (ANTIGO INST EDUC ANIMA),4344,13.996316758747698,,,
20,1139,607,EQNP 22/26,ESCOLA CLASSE 47,7926,7.6583396416855924,ESCOLA CLASSE 47,-15.8407824,-48.1241696
17,1147,607,EQ 02/04 AREA ESPECIAL SETOR OESTE,ESCOLA CLASSE 02,7468,8.128012854847348,ESCOLA CLASSE 02,-16.0051649,-48.0721947
14,1406,607,SGAN 604 LOTE D,COLEGIO MADRE CARMEN SALES,4632,13.104490500863559,COLEGIO MADRE CARMEN SALLES,-15.7748356,-47.8742135
16,1597,605,"AE - QUADRA 046, VILA SÃO JOSÉ",CENTRO DE ENSINO FUNDAMENTAL N. 03,4974,12.163248894250101,CENTRO DE ENSINO FUNDAMENTAL N. 03,-15.6589056,-48.1956998
16,1317,602,AV.CORREGO DAS CORUJAS S/N - SETOR HABITACIONAL SOL NASCENTE TRECHO 3,ESCOLA CLASSE 66,9006,6.684432600488563,ESCOLA CLASSE 66,-15.8180748,-48.1534937
5,1023,602,QUADRA 02 C/D LOTE F,CENTRO DE ENSINO FUNDAMENTAL 01,6062,9.930715935334874,CENTRO DE ENSINO FUNDAMENTAL 01,-15.6577874,-47.7928649
15,1015,601,EQSA 25/24 QSD 09/11  AE S/N,CENTRO EDUCACIONAL Nº 02,7016,8.566134549600912,CENTRO EDUCACIONAL Nº 02,-15.8420733,-48.0474333
4,1570,599,CL 215 LOTE A,ESCOLA CLASSE  215 DE SANTA MARIA,6628,9.037417018708508,ESCOLA CLASSE  215 DE SANTA MARIA,-16.006275,-47.99849745
6,1074,599,AV. CONTORNO Q. 17-VILA VICENTINA,ESCOLA CLASSE 05,5530,10.831826401446655,ESCOLA CLASSE 05,-15.6316227,-47.6545569
6,1376,598,EQ 02/03 SETOR RESIDENCIAL NORTE,CENTRO EDUCACIONAL 03,5684,10.52076002814919,CENTRO EDUCACIONAL 03,-15.60309356,-47.65035138
13,1031,597,QN 403/405  AREA ESPECIAL,ESCOLA CLASSE 403,7730,7.723156532988357,ESCOLA CLASSE 403,-15.87364366,-48.09809422
4,1490,596,CL 201 LOTE 1 A,CENTRO DE ENSINO FUNDAMENTAL 201 DE SANTA MARIA,6704,8.890214797136037,CENTRO DE ENSINO FUNDAMENTAL 201 DE SANTA MARIA,-16.04441974,-48.03329257
19,1171,592,CND 05 ÁREA ESPECIAL - PRAÇA DO BICALHO,CEF Nº 11,7646,7.742610515302119,CEF Nº 11,-15.8086697,-48.063291
16,1252,591,QNO 19 CONJUNTO B LOTE 01 - EXPANSÃO DO SETOR O,CENTRO DE ENSINO FUNDAMENTAL 34 (ANTIGA EC 60),6200,9.532258064516128,CENTRO DE ENSINO FUNDAMENTAL 34 (ANTIGA EC 60),-15.7944009,-48.1386352
17,1090,590,QUADRA 1 A.E. S.SUL,CEF 11,7532,7.833244822092405,CEF 11,-16.0279286,-48.0695101
5,1554,589,AR 13 CONJUNTO 05 LOTE 01,CENTRO DE ENSINO FUNDAMENTAL 07,6708,8.780560524746571,CENTRO DE ENSINO FUNDAMENTAL 07,-15.6444107,-47.8252031
2,1333,586,QUADRA 4 CONJ. A LOTE 05 - PARANOA,CENTRO DE ENSINO MÉDIO 01 DO PARANOA,6110,9.590834697217677,CENTRO DE ENSINO MÉDIO 01 DO PARANOA,-15.7824766,-47.77972926
10,1171,585,QUADRA 14 LOTE A,CENTRO DE ENSINO DO RIACHO FUNDO I,8710,6.7164179104477615,CENTRO DE ENSINO MÉDIO 1 DO RIACHO FUNDO I,-15.8883177,-48.0140958
21,1023,583,QD 405 CONJUNTO 15 LOTE 01 AE,CENTRO DE ENSINO FUNDAMENTAL 405 DO RECANTO DAS EMAS,6368,9.155150753768844,CENTRO DE ENSINO FUNDAMENTAL 405 DO RECANTO DAS EMAS,-15.9131674,-48.0656869
15,1287,582,QSB 02/03 ÁREA ESPECIAL N 03/04,CILT - CENTRO INTERESCOLAR DE LINGUAS DE TAGUATINGA,6570,8.858447488584476,CILT - CENTRO INTERESCOLAR DE LINGUAS DE TAGUATINGA,-15.83630406,-48.0580709
8,1821,579,EQNP 11/07 - SETOR P NORTE,ESCOLA CLASSE 40,6920,8.367052023121389,ESCOLA CLASSE 40,-15.8192738,-48.1305616
8,2020,576,EQNM 21/23,CENTRO DE ENSINO FUNDAMENTAL 04,6430,8.95800933125972,CENTRO DE ENSINO FUNDAMENTAL 04,-15.8283913,-48.0948331
20,1082,576,QNP 12 A.E,CENTRO DE ENSINO FUNDAMENTAL 33 (ANTIGA ESCOLA CLASSE 44),7042,8.179494461800624,CENTRO DE ENSINO FUNDAMENTAL 33 (ANTIGA E.C. 44),-15.8395918,-48.119033
8,1996,575,EQNN 06/08                                        ,ESCOLA CLASSE 22,6316,9.103863204559847,ESCOLA CLASSE 22,-15.8330446,-48.1039269
13,1198,575,QS 423/425 AE 02,ESCOLA CLASSE 425,7074,8.128357364998587,,,
17,1139,575,EQ 15/17 - PRACA  01 LOTE 03,CENTRO EDUCACIONAL 07,7252,7.9288472145615,CENTRO EDUCACIONAL 07,-16.0202621,-48.0651314
6,1015,575,EQ 01/02 LOTE H-SRL,ESCOLA CLASSE PARANA,5598,10.271525544837443,ESCOLA CLASSE PARANA,-15.6149674,-47.6455861
16,1287,571,QNR 01 AREA ESPECIAL03,CENTRO DE ENSINO FUNDAMENTAL 27,7508,7.6052210974960035,CENTRO DE ENSINO FUNDAMENTAL 27,-15.8056056,-48.1507898
15,1490,571,"QUADRA 204, LOTE 01",ESCOLA ATUAL,4938,11.563385986229243,ESCOLA ATUAL,-15.8405492,-48.01785507
3,1449,568,EQNM 34/36 AREA ESPECIAL 01,ESCOLA CLASSE N 42,7536,7.537154989384288,ESCOLA CLASSE 42,-15.8079669,-48.0954452
20,1147,568,EQNP 24/28,ESCOLA CLASSE 50,7074,8.029403449250777,ESCOLA CLASSE 50,-15.8425435,-48.1279303
17,1210,567,EQ 26/29 AREA ESPECIAL SETOR OESTE,CEF 05,6750,8.4,CEF 05,-16.0157625,-48.0783499
3,1406,566,EQNL 13/15 AREA ESPECIAL 01,ESCOLA CLASSE N 41,7658,7.390963698093497,ESCOLA CLASSE 41,-15.8245162,-48.0873316
6,1058,566,EQ 05/06 LOTE G-SRL,ESCOLA CLASSE 06,5056,11.194620253164556,ESCOLA CLASSE 06,-15.6272764,-47.6467975
8,1988,566,EQNM 22/24                                              ,CENTRO DE ENSINO 16,6930,8.167388167388168,CENTRO DE ENSINO 16,-15.8032776,-48.1086532
10,1210,564,QN 07 AE 1/2,CENTRO DE ENSINO FUNDAMENTAL 02  RIACHO FUNDO I,7802,7.228915662650602,CENTRO EDUCACIONAL 02  RIACHO FUNDO I,-15.8834309,-48.0195577
21,1252,563,QD 404 CONJUNTO 09 LOTE 01,EC 404 RECANTO DAS EMAS,6610,8.517397881996974,ESCOLA CLASSE 404 DO RECANTO DAS EMAS,-15.9128741,-48.0613109
3,1473,562,EQNM 40/42  AREA ESPECIAL S/N,ESCOLA CLASSE N 45,7812,7.194060419866871,ESCOLA CLASSE 45,-15.7947531,-48.1075559
8,1856,561,QNM 13  A.E,CENTRO DE ENSINO MEDIO 03,6846,8.194566170026294,CENTRO DE ENSINO MEDIO 03,-15.826827,-48.0984838
4,1252,560,CL 206 LOTE 1-C,ESCOLA CLASSE 206 DE SANTA MARIA,7392,7.575757575757576,ESCOLA CLASSE 206 DE SANTA MARIA,-16.02612162,-48.03014567
21,1058,558,QUADRA 115 CONJUNTO 7-C LOTE 1 AREA ESPECIAL,CENTRO DE ENSINO FUNDAMENTAL 115 DO RECANTO DAS EMAS,6372,8.757062146892656,CENTRO DE ENSINO FUNDAMENTAL 115 DO RECANTO DAS EMAS,-15.9251983,-48.1077753
19,1031,555,QNF 24 AREA ESPECIAL S/N,CENTRO DE ENSINO DO SESI,6506,8.530587150322779,CENTRO DE ENSINO DO SESI,-15.8125258,-48.0725219
14,1139,554,SQN 403 A/E,ESCOLA CLASSE 403 NORTE,4150,13.349397590361445,ESCOLA CLASSE 403 NORTE,-15.7775358,-47.8758473
16,1120,554,EQNP 17/13 - SETOR P NORTE,ESCOLA CLASSE 34,6614,8.376171756879348,ESCOLA CLASSE 34,-15.80701092,-48.13091543
8,1872,552,EQNN 02/04                                        ,ESCOLA CLASSE 20,5612,9.836065573770492,ESCOLA CLASSE 20,-15.8232782,-48.1093751
17,1112,551,Q 02 AREA ESPECIAL SETOR SUL,CEF 08,6204,8.881366860090264,CEF 08,-16.0257018,-48.0737357
19,1090,551,EQNG 06/07 AE 20,CENTRO EDUCACIONAL N 4,6960,7.916666666666666,CENTRO EDUCACIONAL N 4,-15.7954465,-48.0574214
2,1430,551,QUADRA 03 AREA ESPECIAL 06,CENTRO DE ENSINO FUNDAMENTAL 01 DO PARANOA,5772,9.546084546084547,CENTRO DE ENSINO FUNDAMENTAL 01 DO PARANOA,-15.7791214,-47.7833669
8,1961,549,EQNN 08/10                                                ,ESCOLA CLASSE 15,6702,8.19158460161146,ESCOLA CLASSE 15,-15.8372684,-48.1000911
13,1058,549,QN 410  AREA ESPECIAL 01,ESCOLA CLASSE 410,7716,7.115085536547435,,,
14,1112,548,SQN 312,ESCOLA CLASSE 312 NORTE,4344,12.61510128913444,ESCOLA CLASSE 312 NORTE,-15.7524201,-47.8928102
21,1228,546,QD 206 CONJUNTO 02 LOTE 02,CENTRO DE ENSINO FUNDAMENTAL 206 - RECANTO DAS EMAS,6722,8.122582564712882,CENTRO DE ENSINO FUNDAMENTAL 206 DO RECANTO DAS EMAS,-15.9062673,-48.0689183
1,1287,543,SQS 316 AREA ESPECIAL,ESCOLA CLASSE 316 SUL,3748,14.487726787620064,ESCOLA CLASSE 316 SUL,-15.8302094,-47.9267996
3,1384,543,EQNL 05/07 AREA ESPECIAL,CENTRO DE ENSINO FUNDAMENTAL 04,6996,7.761578044596913,CENTRO DE ENSINO FUNDAMENTAL 04,-15.8227813,-48.0831074
13,1619,540,QN 412 AREA ESPECIAL 01,CENTRO DE ENSINO 412,7128,7.575757575757576,CENTRO DE ENSINO 412,-15.85680678,-48.07514223
9,1228,540,QE 11 AREA ESPECIAL C/D,UNICESPE,5708,9.4604064470918,,,
19,1325,536,RUA 03 CHÁCARA N 82 LOTE 07/08,COLÉGIO ALUB - RUA 03,6916,7.750144592249855,COLÉGIO OBJETIVO - RUA 03,-15.8130752,-48.0123053
14,1163,536,SQN 410 A/E,CENTRO DE ENSINO FUNDAMENTAL 409 NORTE,4192,12.786259541984732,CENTRO DE ENSINO FUNDAMENTAL 410 NORTE,-15.7552862,-47.8814252
21,1031,536,QUADRA 104 CONJUNTO 10 ÁREA ESPECIAL,CENTRO EDUCACIONAL 104 DO RECANTO DAS EMAS,6426,8.341114223467166,CENTRO EDUCACIONAL 104 DO RECANTO DAS EMAS,-15.9005074,-48.0710004
6,1325,534,SETOR EDUCACIONAL LOTES J/L,CENTRO DE ENSINO MÉDIO 02,5334,10.011248593925758,CENTRO DE ENSINO MÉDIO 02,-15.6212844,-47.6536368
14,1023,533,SQN 104,CENTRO DE ENSINO FUNDAMENTAL 104 NORTE,4194,12.708631378159275,CENTRO DE ENSINO FUNDAMENTAL 104 NORTE,-15.7749367,-47.883605
20,1155,532,EQNP 26/30,ESCOLA CLASSE 48,6292,8.45518118245391,ESCOLA CLASSE 48,-15.8445888,-48.1211523
1,1457,531,SGAS 708/908 LOTE B W5 SUL,IESPLAN,4312,12.314471243042671,CEM ELEFANTE BRANCO,-15.8092358,-47.9086075
13,1457,531,QS 121 CONJUNTO 01 LOTE 01,ESCOLA CLASSE 121,6070,8.747940691927512,ESCOLA CLASSE 121,-15.89280471,-48.12057438
21,1104,529,QD 308 AE 1 CONJUNTO 12,CENTRO EDUCACIONAL 308 DO RECANTO DAS EMAS,6910,7.655571635311144,CENTRO EDUCACIONAL 308 DO RECANTO DAS EMAS,-15.9234707,-48.1008902
11,1155,528,"SHCES Q 609, LOTE 01, CRUZEIRO NOVO",COLEGIO SOMA,5090,10.37328094302554,COLEGIO SOMA,-15.7932517,-47.9387498
10,1252,528,QN 14A CONJ 07 AE 1/2,CENTRO DE EDUCACAO INFANTIL,7092,7.4450084602368864,CENTRO DE EDUCACAO INFANTIL DO RIACHO FUNDO II,-15.8955506,-48.0510886
14,1570,528,EQN 204/404 LOTE C,ESCOLA DNA,3906,13.517665130568357,ESCOLA DNA,-15.7741556,-47.8776702
20,1066,526,EQNN 24/26,CENTRO DE ENSINO FUNDAMENTAL 11,6406,8.211052138620044,CENTRO DE ENSINO FUNDAMENTAL 11,-15.8403592,-48.1044855
2,1597,526,DEL LAGO QUADRA 61 CONJUNTO E ÁREA ESPECIAL,ESCOLA CLASSE 01 DO ITAPOÃ,7084,7.425183512140034,ESCOLA CLASSE 01 DO ITAPOÃ,-15.7451486,-47.7697126
2,1341,526,QUADRA 04 CONJ. A LOTE 05,CENTRO DE ENSINO FUNDAMENTAL 02 DO PARANOA,5330,9.868667917448406,CENTRO DE ENSINO FUNDAMENTAL 02 DO PARANOA,-15.78279799,-47.77897658
14,1589,524,SGAN 906 LOTE C,COLEGIO SAGRADA FAMILIA,4322,12.124016658954188,COLEGIO SAGRADA FAMILIA,-15.7714947,-47.8926218
8,1473,524,EQNN 23/25                                               ,CENTRO DE ENSINO 10,7018,7.466514676546024,CENTRO DE ENSINO 10,-15.8054684,-48.1250076
6,1520,524,AREA ESPECIAL 01 VNS DE FATIMA,CENTRO DE ENSINO FUNDAMENTAL NOSSA SENHORA DE FÁTIMA,5350,9.794392523364486,CENTRO DE ENSINO FUNDAMENTAL NOSSA SENHORA DE FÁTIMA,-15.60288469,-47.65789315
15,1198,523,EQSA 25/24 QSD 09/11 ÁREA ESPECIAL S/ N,CEF Nº 3,5940,8.804713804713804,CEF Nº 3,-15.8400029,-48.0491548
13,1422,521,QS 604 AE,ESCOLA CLASSE 604,6272,8.306760204081632,ESCOLA CLASSE 604,-15.86146,-48.0878963
10,1325,520,QN 05 AE 02,CENTRO EDUCATIVO PASSIONISTA MÃE DA SANTA ESPERANÇA,7514,6.920415224913495,CENTRO EDUCATIVO PASSIONISTA MÃE DA SANTA ESPERANÇA,-15.8792017,-48.0178609
14,1058,520,SQN 113 A/E,ESCOLA CLASSE 113 NORTE,4324,12.0259019426457,ESCOLA CLASSE 113 NORTE,-15.7477059,-47.8904828
16,1430,513,EQ 45/55 - VILA SÃO JOSÉ,ESCOLA CLASSE 09,4416,11.616847826086957,ESCOLA CLASSE 09,-15.6585428,-48.1907291
17,1082,513,Q 03 AE SETOR SUL,ESCOLA CLASSE 09,6288,8.158396946564887,ESCOLA CLASSE 09,-16.0306621,-48.0657951
11,1058,506,"SHCES Q 201/203, ÁREA ESPECIAL, CRUZEIRO NOVO",ESCOLA CLASSE 05,4964,10.193392425463337,ESCOLA CLASSE 05,-15.7985095,-47.9432886
6,1406,506,EQ 10/20 CONJ H LOTE 01-BURITIS II,CENTRO DE ENSINO FUNDAMENTAL  03,4534,11.160123511248345,CENTRO DE ENSINO FUNDAMENTAL  03,-15.6158534,-47.6405566
20,1058,506,EQNN 22/24,ESCOLA CLASSE 25,6780,7.463126843657817,ESCOLA CLASSE 25,-15.8354115,-48.1077363
21,1040,505,QD 306 AVENIDA MONJOLO LOTE 06 AE,CENTRO DE ENSINO FUNDAMENTAL 306 DO RECANTO DAS EMAS,5810,8.691910499139414,CENTRO DE ENSINO FUNDAMENTAL 306 DO RECANTO DAS EMAS,-15.9193229,-48.0973269
13,1341,504,QR 303 CONJUNTO 12,ESCOLA CLASSE 303,6294,8.007626310772164,ESCOLA CLASSE 303,-15.88238914,-48.09402272
5,1341,502,DF 205 OESTE KM 19 FERCAL,CENTRO EDUCACIONAL FERCAL,4268,11.761949390815369,CENTRO EDUCACIONAL FERCAL,-15.5905834,-47.8810443
16,1058,501,EQNO 04/06 - SETOR O,ESCOLA CLASSE 16,5852,8.561175666438825,ESCOLA CLASSE 16,-15.7904867,-48.1210086
8,1864,500,EQNM 19/21                                                ,ESCOLA CLASSE 02,5390,9.276437847866418,ESCOLA CLASSE 02,-15.8234078,-48.0956741
9,1040,499,QE 09 AE D,CENTRO EDUCACIONAL 4,5842,8.541595344060253,CENTRO EDUCACIONAL 4,-15.8207381,-47.9748711
1,1341,498,SGAS 615  LOTE 110,COLEGIO COR JESU,4584,10.863874345549739,COLEGIO COR JESU,-15.8376977,-47.9181984
20,1040,498,EQNN 20/22 AE B,ESCOLA CLASSE 24,5880,8.46938775510204,ESCOLA CLASSE 24,-15.831522,-48.1118638
3,1465,497,EQNM 38/40 LOTE A,CENTRO DE ENSINO FUNDAMENTAL 17,6864,7.2406759906759905,CENTRO DE ENSINO FUNDAMENTAL 17,-15.7966801,-48.1026438
5,1422,496,RODOVIA DF-01 KM 13 RUA 8 CHACARA 187-LAGO OESTE,CENTRO DE ENSINO FUNDAMENTAL PROF CARLOS MOTA,4036,12.289395441030724,CENTRO DE ENSINO FUNDAMENTAL PROF CARLOS MOTA,-15.6180831,-47.9506085
6,1929,494,"EM FRENTE A QUADRA 21, CONJ F  ÁREA ESPECIAL-ARAPOANGA",ESCOLA CLASSE 02 DO ARAPOANGA,4372,11.299176578225069,ESCOLA CLASSE 02 DO ARAPOANGA,-15.6399686,-47.6293286
17,1155,493,EQ 10/21 AREA ESPECIAL SETOR OESTE,ESCOLA CLASSE 10,5380,9.163568773234202,ESCOLA CLASSE 10,-16.0081809,-48.078978
3,1392,492,EQNL 10/12 AREA ESPECIAL 01,CENTRO DE ENSINO FUNDAMENTAL 19,6502,7.566902491541064,CENTRO DE ENSINO FUNDAMENTAL 19,-15.82037,-48.0794516
17,1384,489,EQ 02/07 A.E. S.LESTE,CENTRO EDUCACIONAL 06 DO GAMA,6812,7.178508514386377,CENTRO EDUCACIONAL 06 DO GAMA,-16.0074737,-48.0504479
9,1082,489,QE 7 AE Q,CENTRO DE ENSINO FUNDAMENTAL 2,5076,9.63356973995272,CENTRO DE ENSINO FUNDAMENTAL 2,-15.8158769,-47.9780518
13,1589,488,QS 419 AE 01,ESCOLA CLASSE 419,6026,8.09824095585795,ESCOLA CLASSE 419,-15.88510326,-48.11932259
2,1600,488,DEL LAGO QD. 378 CONJ. L ÁREA ESPECIAL,ESCOLA CLASSE 02 DO ITAPOÃ,6552,7.448107448107448,ESCOLA CLASSE 02 DO ITAPOÃ,-15.7394781,-47.7633099
1,1023,486,SHIGS 702 CONJUNTO A,COLEGIO DOM BOSCO,3752,12.953091684434966,ESCOLA SALESIANA BRASÍLIA (DOM BOSCO),-15.8010256,-47.8949295
6,1600,486,QUADRA 45 BAIRRO NOSSA SRA FÁTIMA,ESCOLA CLASSE 07,3412,14.243845252051582,ESCOLA CLASSE 07,-15.6422838,-47.6637212
6,1066,485,AV. INDEPENDÊNCIA 102,ESCOLA CLASSE 01,5148,9.42113442113442,ESCOLA CLASSE 01,-15.6254219,-47.6552759
2,1368,484,QUADRA 24 CJ. I AREA ESPECIAL,ESCOLA CLASSE 05 DO PARANOA,4052,11.94471865745311,ESCOLA CLASSE 05 DO PARANOA,-15.7667377,-47.7771713
19,1015,482,ECNF 01/QNF 19     AE,ESCOLA CLASSE N 27,6358,7.581000314564329,ESCOLA CLASSE N 27,-15.8129134,-48.0683878
1,2151,482,SGAS 913 S/N CONJUNTO B,UNIP - UNIVERSIDADE PAULISTA,3926,12.27712684666327,UNIP - UNIVERSIDADE PAULISTA,-15.819478,-47.9216712
10,1066,480,AV CONTORNO AE 07,CENTRO DE ENSINO FUNDAMENTAL 1,6252,7.677543186180421,CENTRO DE ENSINO FUNDAMENTAL 1,-15.8765142,-47.9764803
14,1090,480,SQN 304,ESCOLA CLASSE 304 NORTE,4246,11.304757418747057,ESCOLA CLASSE 304 NORTE,-15.7766245,-47.886099
6,1201,480,DF 130 DF 150 KM 18 VALE DO AMANHECER,ESCOLA CLASSE  MESTRE DARMAS,5092,9.426551453260016,ESCOLA CLASSE  MESTRE D'ARMAS,-15.672355,-47.6465198
3,1570,476,EQNL 02/04 AREA ESPECIAL,ESCOLA CLASSE N 50,5376,8.854166666666668,ESCOLA CLASSE 50,-15.8315467,-48.0752507
16,1465,475,"PIQ( PROGRAMA DE INTEGRAÇÃO DE QUADRAS) Q. 06 LT. 02, SETOR VEREDAS",CENTRO DE ENSINO FUNDAMENTAL N. 01,4272,11.118913857677901,CENTRO DE ENSINO FUNDAMENTAL N. 01,-15.6665298,-48.2008045
17,1406,474,E/Q 29/33 AE SETOR LESTE,ESCOLA CLASSE 14 DO GAMA,5698,8.31870831870832,ESCOLA CLASSE 14 DO GAMA,-16.0269509,-48.0553695
15,1228,473,QSE 05 ÁREA ESPECIAL N 14,CENTRO DE ENS MÉDIO Nº 3,6854,6.901079661511527,CENTRO DE ENS MÉDIO Nº 3,-15.8599501,-48.0399327
15,1139,472,QSE 05/07 ÁREA ESPECIAL N 01,CEF Nº 10,6560,7.1951219512195115,CEF Nº 10,-15.85672593,-48.0415316
19,1287,470,RUA 06 CH 253 LT. A,COLÉGIO LICEU,5730,8.202443280977311,COLÉGIO LICEU,-15.8087619,-48.0398734
8,1422,470,EQNN 05/07                                   ,ESCOLA CLASSE 08,6500,7.230769230769231,ESCOLA CLASSE 08,-15.8083337,-48.1174035
15,1210,470,QSD 32 ÁREA P/ ESCOLA N 02,ESCOLA CLASSE 54 (CEF  Nº 18 - ESCOLA NORMAL),5390,8.719851576994433,ESCOLA CLASSE 54 (CEF  Nº 18 - ESCOLA NORMAL),-15.8536967,-48.048635
1,1015,470,SQS 102 AREA ESPECIAL,ESCOLA CLASSE 102 SUL,3070,15.309446254071663,ESCOLA CLASSE 102 SUL,-15.8039651,-47.890341
8,1848,469,"QNN 31 ÀREA ESPECIAL, B,C,D E",INSTITUTO DE ENSINO SUPERIOR DE BRASÍLIA-IESB,4970,9.43661971830986,INSTITUTO DE ENSINO SUPERIOR DE BRASÍLIA-IESB,-15.8101632,-48.1250641
16,1600,469,Q. 04 LOTE 01,ESCOLA CLASSE 08,4400,10.65909090909091,ESCOLA CLASSE 08,-15.670665,-48.2022223
6,1120,468,SETOR EDUCACIONAL LOTE C/D,CENTRO DE ENSINO FUNDAMENTAL 04,4042,11.578426521523998,CENTRO DE ENSINO FUNDAMENTAL 04,-15.622108,-47.6518227
17,1368,467,E/Q 10/15 - AE SETOR LESTE,ESCOLA CLASSE 03 DO GAMA,5948,7.85137861466039,ESCOLA CLASSE 03 DO GAMA,-16.0143417,-48.0510828
1,2003,467,SQS 206 AREA ESPECIAL,ESCOLA CLASSE 206 SUL,3530,13.229461756373937,ESCOLA CLASSE 206 SUL,-15.816545,-47.8964859
5,1406,466,AR 05 AREA ESPECIAL 1,ESCOLA CLASSE 13 AR 05,4750,9.810526315789474,ESCOLA CLASSE 13 AR 05,-15.6403359,-47.8246216
14,1236,465,SGAN 907 MODULO A,CENTRO EDUCACIONAL GISNO,4174,11.140392908481072,CENTRO EDUCACIONAL GISNO,-15.769193,-47.8943992
18,1287,458,SH ESTRADA DO SOL COND. MANSÕES SERRANA KM 5 CHÁCARA IRMÃOS CARVALHO,CIEIC - CENTRO INTEGRADO IRMAOS CARVALHO,4080,11.225490196078432,CIEIC - CENTRO INTEGRADO IRMAOS CARVALHO,-15.8671215,-47.7867143
9,1015,458,QI 01/03 LT A/E,ESCOLA CLASSE 1,5170,8.85880077369439,ESCOLA CLASSE 1,-15.814205,-47.9750626
13,1376,458,QR 614 AREA ESPECIAL 01,ESCOLA CLASSE 614,5450,8.403669724770642,ESCOLA CLASSE 614,-15.85363847,-48.07444376
6,1937,456,QUADRA 01 CONJ. F LOTES 21/31,CENTRO EDUCACIONAL DELTA,4460,10.22421524663677,CENTRO EDUCACIONAL DELTA,-15.61338926,-47.64592826
10,1244,453,QC 4 CONJ 18 LOTE 2,ESCOLA CLASSE 1,6368,7.113693467336684,ESCOLA CLASSE 1 DO RIACHO FUNDO II,-15.9153795,-48.0461663
8,1465,453,EQNN 21/23,CENTRO DE ENSINO MARIA DO ROSARIO G.SILVA,5944,7.621130551816958,CENTRO DE ENSINO MARIA DO ROSARIO G.SILVA,-15.8098776,-48.1221603
6,1597,452,EQ 3/4 PROJEÇÃO G SRL,ESCOLA CLASSE 04,4018,11.249377799900447,ESCOLA CLASSE 04,-15.6212997,-47.6462299
8,1830,449,EQNP 05/09,ESCOLA CLASSE 36,5958,7.536085934877476,ESCOLA CLASSE 36,-15.8175702,-48.1272085
16,1384,447,EQ 6/8,ESCOLA CLASSE N 03,4506,9.920106524633821,ESCOLA CLASSE N 03,-15.6770577,-48.1928985
11,1074,447,"SHCES Q. 407, ÁREA ESPECIAL, CRUZEIRO NOVO",ESCOLA CLASSE 04,4712,9.48641765704584,ESCOLA CLASSE 04,-15.7959616,-47.9417836
16,1139,446,EQNO 02/04 - SETOR O,CENTRO DE ENSINO FUNDAMENTAL 12,5468,8.156547183613752,CENTRO DE ENSINO FUNDAMENTAL 12,-15.7959858,-48.1194171
18,1295,446,"SHIS QI 11 ÁREA ESPECIAL B, ENTRECONJUNTOS 02 E 04",CENTRO EDUCACIONAL PARQUE ENCANTADO,3268,13.647490820073441,KINGDOM SCHOOL,-15.8333225,-47.8708438
5,1775,445,AR 13 CONJ 1 AREA ESPECIAL 3,CENTRO DE ENSINO FUNDAMENTAL 09 - ANTIGO COER,5248,8.479420731707316,CENTRO DE ENSINO FUNDAMENTAL 09 - ANTIGO COER,-15.6427656,-47.8210439
5,1511,441,QUADRA 09 AREA ESPECIAL 02,CENTRO DE ENSINO SANTA RITA DE CASSIA,4930,8.945233265720082,CENTRO DE ENSINO SANTA RITA DE CASSIA,-15.6429764,-47.80303
13,1570,441,QR 117 SETOR URBANO,CAIC AYRTON SENNA,5414,8.145548577761359,CAIC AYRTON SENNA,-15.89018199,-48.11185822
16,1279,438,QNR 02 - ÁREA ESPECIAL 04,ESCOLA CLASSE 65,6526,6.7116150781489425,ESCOLA CLASSE 65,-15.8063304,-48.1601555
1,1198,438,SQS 305 AREA ESPECIAL,ESCOLA CLASSE 305 SUL,3164,13.843236409608092,ESCOLA CLASSE 305 SUL,-15.8075277,-47.8997188
16,1090,437,EQNO 5/7 - SETOR O,CENTRO DE ENSINO FUNDAMENTAL 26 (ANTIGA EC 30),5488,7.962827988338192,CENTRO DE ENSINO FUNDAMENTAL 26 (ANTIGA EC 30),-15.7864591,-48.1262056
19,1236,437,COLÔNIA AGRÍCOLA VILA SÃO JOSÉ - RUA 11 ÁREA ESPECIAL 01,ESCOLA CLASSE 02,5874,7.439564181137214,ESCOLA CLASSE 02,-15.8008992,-48.048815
1,1279,435,SQS 315 AREA ESPECIAL,ESCOLA CLASSE 315 SUL,3352,12.977326968973745,,,
5,1767,435,CD VILLE LOTES 27/28 GRANDE COLORADO,CEVIVA - CENTRO ENSINO E VIVENCIA INFANTIL VOVÓ ANA,3738,11.637239165329053,UNIPROJEÇÃO,-15.6622586,-47.8399112
10,1147,435,RUA 01 LOTE 06 METROPOLITANA,CENTRO DE ENSINO FUNDAMENTAL METROPOLITANA,5130,8.47953216374269,CENTRO DE ENSINO FUNDAMENTAL METROPOLITANA,-15.8815853,-47.9748989
16,1422,434,Q. 38 AE N. 02,ESCOLA CLASSE 07,3936,11.026422764227641,ESCOLA CLASSE 07,-15.6649246,-48.2020794
21,1309,434,"QUADRA 203, LOTE 32",ESCOLA CLASSE 203 / REGIONAL DE ENSINO - RECANTO DAS EMAS,5420,8.007380073800737,ESCOLA CLASSE 203 / REGIONAL DE ENSINO - RECANTO DAS EMAS,-15.9045978,-48.0648272
9,1155,434,EQ 32/34 LT B - AE,CENTRO DE ENSINO FUNDAMENTAL 5,4702,9.230114844746916,CENTRO DE ENSINO FUNDAMENTAL 5,-15.8433798,-47.9735649
8,1740,433,EQNM 02/04,ESCOLA CLASSE 10,5218,8.298198543503258,ESCOLA CLASSE 10,-15.8155063,-48.1075953
21,1120,432,QD 102 CONJ 03 A LOTE 01,ESCOLA CLASSE 102  DO RECANTO DAS EMAS,5032,8.585055643879173,ESCOLA CLASSE 102  DO RECANTO DAS EMAS,-15.9019965,-48.0615053
1,1163,432,SQS 214 AREA ESPECIAL,CENTRO DE ENSINO FUNDAMENTAL 214 SUL,3196,13.516896120150188,CENTRO DE ENSINO FUNDAMENTAL 214 SUL,-15.8320123,-47.9174534
6,1589,432,Q.1/2 PROJEÇÃO G-SRL,ESCOLA CLASSE 03,4484,9.634255129348796,ESCOLA CLASSE 03,-15.61528083,-47.64606104
13,1040,432,QS 111 AREA ESPECIAL 10,ESCOLA CLASSE 111,5424,7.964601769911504,ESCOLA CLASSE 111,-15.88555792,-48.10517622
5,1716,428,CONDOMINIO NOVO SETOR DE MANSÕES - ÁREA ESPECIAL,ESCOLA CLASSE 16 DE SOBRADINHO - NOVA COLINA,5550,7.711711711711712,ESCOLA CLASSE 16 DE SOBRADINHO - NOVA COLINA,-15.6493489,-47.7549174
6,1422,427,BR 020 MOD. 07 LOTES 16/19-COND. MESTRE DARMAS,CENTRO DE ENSINO FUNDAMENTAL JK,4348,9.820607175712972,CENTRO DE ENSINO FUNDAMENTAL JK,-15.6012899,-47.6876925
4,1589,427,CL 103 LOTE 1-B,CENTRO DE ENSINO FUNDAMENTAL 103 DE SANTA MARIA,5010,8.522954091816368,CENTRO DE ENSINO FUNDAMENTAL 103 DE SANTA MARIA,-16.03740061,-48.03746349
21,1244,426,QR 511 AREA ESPECIAL 02 SAMAMBAIA-DF,ESCOLA CLASSE 511 DE SAMAMBAIA,4930,8.640973630831644,ESCOLA CLASSE 511 DE SAMAMBAIA,-15.8903612,-48.1027452
16,1490,423,QD. 04 AE N. 02,CENTRO DE ENSINO MEDIO N. 01,4364,9.692942254812099,CENTRO DE ENSINO MEDIO N. 01,-15.6878186,-48.1959467
13,1538,421,DF 280 KM 14 - SAMAMBAIA,CENTRO EDUCACIONAL MYRIAM ERVILHA,7358,5.721663495515085,CENTRO EDUCACIONAL MYRIAM ERVILHA,-15.94072159,-48.24172285
5,1481,421,"CONDOMINIO HALLEY MOD. C LOTES 09,26 E 27",COLEGIO POSITIVO PINGO DE GENTE,3992,10.546092184368737,COLEGIO POSITIVO PINGO DE GENTE,-15.6622586,-47.8399112
16,1066,420,EQNO 01/03 - SETOR O,ESCOLA CLASSE 17,5374,7.8154075176777065,ESCOLA CLASSE 17,-15.7974429,-48.123092
16,1210,420,EQNP 15/19 - AREA ESPECIAL - SETOR P NORTE,ESCOLA CLASSE 38,5800,7.241379310344828,ESCOLA CLASSE 38,-15.80855613,-48.13537108
4,1635,419,QR 100 - CONJUNTO T - AREA ESPECIAL 01,ESCOLA CLASSE 100 DE SANTA MARIA,4770,8.784067085953879,ESCOLA CLASSE 100 DE SANTA MARIA,-16.04247602,-48.03865238
19,1180,418,CNB 12 ÁREA ESPECIAL Nº 01,ESCOLA CLASSE N 6,4652,8.985382631126397,ESCOLA CLASSE N 6,-15.8197959,-48.0622391
1,2100,417,SQS 106 AREA ESPECIAL,CENTRO DE ENSINO FUNDAMENTAL 01 DE BRASILIA,3204,13.01498127340824,CENTRO DE ENSINO FUNDAMENTAL 01 DE BRASILIA,-15.8129772,-47.8978537
14,1651,417,SGAN 910 MÓDULO E,CENTRO EDUCACIONAL SIGMA,3214,12.97448662103298,CENTRO EDUCACIONAL SIGMA,-15.7593134,-47.8963548
6,1643,417,EQ 6/7 SETOR RESIDENCIAL NORTE,ESCOLA CLASSE 13,3974,10.493205837946654,ESCOLA CLASSE 13,-15.60347372,-47.64287504
1,2143,417,SQS 408 AREA ESPECIAL,CENTRO DE ENSINO FUNDAMENTAL 05 DE BRASILIA,3354,12.432915921288014,CENTRO DE ENSINO FUNDAMENTAL 05 DE BRASILIA,-15.8231915,-47.8996245
6,1813,415,SETOR EDUCACIONAL LT M,CENTRO DE ENSINO FUNDAMENTAL 01,3722,11.149919398173026,CENTRO DE ENSINO FUNDAMENTAL 01,-15.6223843,-47.6540826
19,1040,413,COLÔNIA AGRÍCOLA VICENTE PIRES - AREA ESPECIAL N 01,ESCOLA CLASSE VICENTE PIRES,4564,9.049079754601227,ESCOLA CLASSE VICENTE PIRES,-15.8131137,-48.0144548
13,1155,413,QR 407/409 AE 01,ESCOLA CLASSE 407,5440,7.591911764705881,ESCOLA CLASSE 407,-15.87433772,-48.10369614
5,1520,412,AR 19 CONJUNTO 07 LOTE 01,ESCOLA CLASSE 14,4466,9.22525750111957,ESCOLA CLASSE 14,-15.6431511,-47.8168522
2,1252,412,QUADRA 05 AREA ESPECIAL 01,CAIC SANTA PAULINA,3758,10.96327833954231,CAIC SANTA PAULINA,-15.7781646,-47.7842277
9,1392,411,"QE 11, ÁREA ESPECIAL B, GUARÁ I,  BRASÍLIA/DF",COLÉGIO MAXWELL,3906,10.522273425499233,,,
18,1341,409,"QUADRA 17, LOTE 100, ÁREA ESPECIAL",CENTRO EDUCACIONAL SÃO FRANCISCO,4212,9.710351377018043,CENTRO EDUCACIONAL SÃO FRANCISCO - CHICÃO,-15.9146224,-47.7629232
16,1368,406,EQ 2/4 LOTE A - SETOR NORTE,CENTRO DE ENSINO ESPECIAL - CENEBRAZ,4088,9.931506849315069,CENTRO DE ENSINO ESPECIAL - CENEBRAZ,-15.6812593,-48.1917477
8,2003,405,EQNM 18/20                                          ,ESCOLA CLASSE 03,5042,8.03252677508925,ESCOLA CLASSE 03,-15.8122198,-48.1018161
19,1163,405,QND 43 LT 23 ÁREA ESPECIAL,ESCOLA CLASSE N 15,5238,7.731958762886598,ESCOLA CLASSE N 15,-15.8058162,-48.0590307
16,1260,403,QNQ 03,CENTRO EDUCACIONAL 16 (ANTIGO CEF 24),5806,6.941095418532553,CENTRO EDUCACIONAL 16 (ANTIGO CEF 24),-15.8042868,-48.1434156
6,1554,402,AREA ESPECIAL 04 SRL,CAIC ASSIS CHATEAUBRIAND,4034,9.965294992563214,CAIC ASSIS CHATEAUBRIAND,-15.61801776,-47.64197608
16,1236,402,EQNO 19/20 - CONJUNTO C -  ÁREA ESPECIAL - EXPANSÃO SETOR O,ESCOLA CLASSE 55,3956,10.161779575328616,ESCOLA CLASSE 55,-15.7904767,-48.1421501
15,1350,400,QSD AE 02 SETOR D,CEF Nº 09,5214,7.671653241273495,CEF Nº 09,-15.8433285,-48.0496572
20,1120,399,EQNP 16/20,ESCOLA CLASSE 46,4762,8.378832423351533,ESCOLA CLASSE 46,-15.8463831,-48.113906
17,1414,398,E Q 6/11 A. E.S.LESTE,CENTRO DE ENSINO FUNDAMENTAL 03 DO GAMA,5664,7.02683615819209,CENTRO DE ENSINO FUNDAMENTAL 03 DO GAMA,-16.0109667,-48.05077
15,1090,397,QNA 52 ÁREA ESPECIAL S/ N,CEF Nº 8,3620,10.966850828729282,CEF Nº 8,-15.81753254,-48.05864278
16,1325,397,PRACA DO LAÇO - SETOR NORTE,CENTRO  EDUCACIONAL 02,3946,10.060821084642676,CENTRO  EDUCACIONAL 02,-15.6813064,-48.1978699
18,1376,395,SHIS QI 21 BLOCO D,ESCOLA FRANCESA FRANÇOIS MITTERRAND,3476,11.363636363636363,ESCOLA FRANCESA FRANÇOIS MITTERRAND,-15.8556236,-47.8528503
10,1317,394,QN 14 CONJUNTO D LOTE A,ESCOLA CLASSE 2,6010,6.555740432612313,ESCOLA CLASSE 2 DO RIACHO FUNDO II,-15.8962384,-48.049543
8,1910,394,EQNM 17/19,ESCOLA NORMAL DE CEILANDIA,4786,8.232344337651483,ESCOLA NORMAL DE CEILANDIA,-15.8179617,-48.0988116
10,1023,393,2 AV ENTREBLOCOS 440/540,ESCOLA CLASSE 4,4734,8.301647655259822,ESCOLA CLASSE 4,-15.8676139,-47.9654324
8,1350,392,EQNN 07/09                                               ,ESCOLA CLASSE 27,4666,8.401200171453064,ESCOLA CLASSE 27,-15.8028358,-48.1196467
8,1708,392,EQNN 19/21,ESCOLA CLASSE 29,4536,8.641975308641975,ESCOLA CLASSE 29,-15.8155905,-48.1209861
10,1279,391,QN 8-C AE 01,JARDIM DE INFANCIA 1 DO RIACHO FUNDO II,5154,7.586340706247574,JARDIM DE INFANCIA 1 DO RIACHO FUNDO II,-15.9019613,-48.0449812
16,1244,389,EQNO 18 CONJUNTO I LOTE 2 - EXPANSÃO DO SETOR O,ESCOLA CLASSE 56,4346,8.950759318913944,ESCOLA CLASSE 56,-15.7940781,-48.136502
2,1449,388,"QD. 07, CJ. D, LT. 02, ÁREA ESPECIAL, VARJÃO",ESCOLA CLASSE DO VARJAO,5368,7.228017883755589,CENTRO DE ENSINO FUNDAMENTAL 01 DO VARJAO,-15.7089987,-47.878189
16,1406,387,INCRA 08 - QUADRA 18 LOTE 01,ESCOLA CLASSE N. 01 - INCRA 08,3728,10.380901287553648,ESCOLA CLASSE N. 01 - INCRA 08,-15.7402407,-48.1702771
14,1333,386,HCGN 704 A/E,FUNDACAO LOGOSOFICA,3674,10.50626020685901,FUNDACAO LOGOSOFICA,-15.7766647,-47.8904068
3,1422,385,QNL 22  AE 24,CENTRO DE ENSINO FUNDAMENTAL 16,5414,7.111193202807536,CENTRO DE ENSINO FUNDAMENTAL 16,-15.8249482,-48.0906849
14,1015,383,SQN 102 A/E,CENTRO DE ENSINO FUNDAMENTAL 102 NORTE,3532,10.843714609286522,CENTRO DE ENSINO FUNDAMENTAL 102 NORTE,-15.7819276,-47.8828857
5,1430,383,AR 13 CONJUNTO 3 AREA ESPECIAL 01,CAIC JULIA KUBITSCHEK,4372,8.760292772186643,CAIC JULIA KUBITSCHEK,-15.6437254,-47.8235541
17,1350,382,E/Q 30/49 A.E SETOR LESTE,ESCOLA CLASSE 19 DO GAMA,4686,8.151941954758858,ESCOLA CLASSE 19 DO GAMA,-16.025339,-48.0507097
14,1147,381,SQN 405 A/E,ESCOLA CLASSE 405 NORTE,3380,11.272189349112425,ESCOLA CLASSE 405 NORTE,-15.7708013,-47.8766153
8,1880,379,EQNM 23/25                                               ,ESCOLA CLASSE 01,4422,8.570782451379467,ESCOLA CLASSE 01,-15.833802,-48.0917904
17,1023,379,EQ 33/49  A.E. S.CENTRAL,ESCOLA CLASSE 22 DO GAMA,4272,8.871722846441948,ESCOLA CLASSE 22 DO GAMA,-16.0230741,-48.0669887
19,1120,375,QND 12 LOTE 41 ÁREA ESPECIAL,ESCOLA CLASSE N 18,4422,8.480325644504749,ESCOLA CLASSE N 18,-15.8121926,-48.0594348
5,1546,374,QUADRA 02  AREA ESPECIAL,CENTRO DE EDUCAÇÃO INFANTIL 01,3614,10.348644161593802,CENTRO DE EDUCAÇÃO INFANTIL 01,-15.6605557,-47.8051358
10,1309,373,QN 07 AREA ESPECIAL 11,COLEGIO ISAAC NEWTON,5650,6.601769911504425,COLEGIO ISAAC NEWTON,-15.8808729,-48.0207912
10,1120,373,"EQ 02/04, AREA ESPECIAL 07",CENTRO EDUCACIONAL DA CANDANGOLANDIA,5056,7.377373417721519,CENTRO EDUCACIONAL DA CANDANGOLANDIA,-15.8540878,-47.9546559
18,1198,372,SHIS QI 05 CHACARA 72,COLEGIO MARIA IMACULADA,2556,14.553990610328638,COLEGIO MARIA IMACULADA,-15.852656,-47.8984416
2,1520,371,SHIN QL 16 S/N,GINASIO DO CLUBE DO CONGRESSO - SEDE CAMPESTRE - LAGO NORTE,2590,14.324324324324325,GINASIO DO CLUBE DO CONGRESSO - SEDE CAMPESTRE - LAGO NORTE,-15.7704438,-47.8332421
19,1333,371,RUA 08 CHÁCARA N 229,COLÉGIO CERTO - RUA 08,4338,8.55232826187183,COLÉGIO CERTO - RUA 08,-15.8037181,-48.0210767
1,2046,367,SQS 416 AREA ESPECIAL,ESCOLA CLASSE 416 SUL,2864,12.814245810055866,ESCOLA CLASSE 416 SUL,-15.8377992,-47.9221412
19,1112,366,QNG 39 AREA ESPECIAL 03,CENTRO DE ENSINO FUNDAMENTAL N 12,4206,8.7018544935806,CENTRO DE ENSINO FUNDAMENTAL N 12,-15.8034403,-48.0723786
9,1341,365,EQ 34/34 LOTE D,COLEGIO ROGACIONISTA - INFANTIL NUCLEO 01,3824,9.544979079497908,COLEGIO ROGACIONISTA - INFANTIL NUCLEO 01,-15.8424169,-47.9736877
16,1449,363,QD. 38 AE N. 01,ESCOLA CLASSE N. 06,3258,11.141804788213628,ESCOLA CLASSE N. 06,-15.6647862,-48.2009197
10,1228,363,"QR 1-A, PRAÇA DO BOSQUE",CENTRO EDUCACIONAL INFANTIL DA CANDANGOLANDIA,4628,7.843560933448574,CENTRO EDUCACIONAL INFANTIL DA CANDANGOLANDIA,-15.8560694,-47.9519622
1,2020,361,SQS 209  AREA ESPECIAL,ESCOLA CLASSE 209 SUL,3094,11.667744020685197,ESCOLA CLASSE 209 SUL,-15.8216581,-47.9029438
14,1104,355,SQN 415,ESCOLA CLASSE 415 NORTE,2488,14.268488745980706,ESCOLA CLASSE 415 NORTE,-15.7396445,-47.8864426
18,1244,355,RUA 01 LT 221- BAIRRO BELA VISTA,ESCOLA CLASSE BELA VISTA,3414,10.398359695371997,ESCOLA CLASSE BELA VISTA,-15.9135703,-47.7548824
15,1147,354,QSE 12/14  AE S/N,ESCOLA CLASSE N 11,4508,7.852706299911269,ESCOLA CLASSE N 11,-15.85681992,-48.04410488
10,1040,354,2a AV. ENTREBLOCOS 960/1040,CENTRO DE EDUCACAO INFANTIL,3958,8.943911066195048,CENTRO DE EDUCACAO INFANTIL DO NÚCLEO BANDEIRANTE,-15.8701491,-47.9708251
19,1201,353,EQNH 01/03 AE S/N,ESCOLA BILINGUE LIBRAS (ANTIGA ESCOLA CLASSE N 21),4874,7.2425112843660235,ESCOLA BILINGUE LIBRAS (ANTIGA ESCOLA CLASSE N 21),-15.8024009,-48.0768318
21,1139,351,"QUADRA 511, CONJUNTO 11, EPC 2",ESCOLA CLASSE 510 DO RECANTO DAS EMAS / CENTRO DE ENSICO FUNDAMENT 511,6376,5.505018820577164,ESCOLA CLASSE 510 DO RECANTO DAS EMAS / CENTRO DE ENSINO FUNDAMENT 511,-15.9328384,-48.1063582
8,1430,351,EQNN 17/19                                               ,ESCOLA CLASSE 28,3648,9.62171052631579,ESCOLA CLASSE 28,-15.8205276,-48.1181365
17,1180,350,N RURAL CASA GRANDE CH 16 SETOR DE CHACARAS NORTE,CENTRO EDUCACIONAL CASA GRANDE,3734,9.373326191751472,CENTRO EDUCACIONAL CASA GRANDE,-15.9638931,-48.0991603
13,1554,349,QR 307 CONJUNTO 08 AE 01,CENTRO DE EDUCAÇÃO INFANTIL 307,4900,7.122448979591836,CENTRO DE EDUCAÇÃO INFANTIL 307,-15.88558358,-48.09958242
21,1260,349,QD. 113 CONJ 8-A LOTE 01 AE,CEF 113 RECANTO DAS EMAS,4168,8.373320537428024,CENTRO DE ENSINO FUNDAMENTAL 113 DO RECANTO DAS EMAS,-15.918327,-48.1025473
1,1309,346,SQS 405 AREA ESPECIAL,CENTRO DE ENSINO FUNDAMENTAL 405 SUL,3152,10.97715736040609,CENTRO DE ENSINO FUNDAMENTAL 405 SUL,-15.816096,-47.8921299
10,1058,342,2 AV ENTREBLOCOS 1400/1500,ESCOLA CLASSE 5,3550,9.633802816901408,ESCOLA CLASSE 5,-15.8731045,-47.9760786
5,1600,342,QUADRA 16 AREA ESPECIAL D/1,CENTRO DE EDUCAÇÃO INFANTIL 03,3520,9.71590909090909,CENTRO DE EDUCAÇÃO INFANTIL 03,-15.6474002,-47.7744002
14,1155,342,SQN 407 A/E,ESCOLA CLASSE 407 NORTE,2980,11.476510067114095,ESCOLA CLASSE 407 NORTE,-15.7623758,-47.8788083
5,1473,340,QUADRA 11 AREA RESERVADA 01,CENTRO INTERESCOLAR DE LINGUAS -CIL,3660,9.289617486338798,CENTRO INTERESCOLAR DE LINGUAS -CIL,-15.6443397,-47.7880839
15,1058,337,QS 07 LOTE 02/08 - AVENIDA ÁGUAS CLARAS - VILA AREAL,ESCOLA TÉCNICA DE BRASÍLIA,4162,8.097068716963,ESCOLA TÉCNICA DE BRASÍLIA,-15.8609371,-48.0280141
20,1090,336,EQNP 10/14,CENTRO DE ENSINO ESPECIAL 01,5132,6.547155105222135,CENTRO DE ENSINO ESPECIAL 01,-15.8394609,-48.1139212
5,1619,336,QUADRA 01 AREA ESPECIAL SETOR DE INDUSTRIA,ESCOLA CLASSE 12,3842,8.745445080687142,ESCOLA CLASSE 12,-15.6598858,-47.8081614
1,2097,335,SQS 103 AREA ESPECIAL,CENTRO DE ENSINO FUNDAMENTAL 03 DE BRASILIA,2378,14.087468460891506,CENTRO DE ENSINO FUNDAMENTAL 03 DE BRASILIA,-15.8051529,-47.8919132
10,1139,333,EQ 02/03  AE,ESCOLA CLASSE ZOOBOTANICA,4876,6.829368334700574,ESCOLA CLASSE 02 DA CANDANGOLÂNDIA,-15.8524813,-47.9517566
15,1422,332,"QS 11, A/E 01 - AREAL(ÁGUAS CLARAS) - DISTRITO FEDERAL",CENTRO DE EDUCAÇÃO INFANTIL,3882,8.552292632663576,CENTRO DE EDUCAÇÃO INFANTIL,-15.87068176,-48.01508192
10,1384,331,"QN 07, AE 10, RIACHO FUNDO I",CENTRO DE EDUCAÇÃO INFANTIL 01 - RF I,5202,6.362937331795464,CENTRO DE EDUCAÇÃO INFANTIL 01 - RF I,-15.8797689,-48.0218763
5,1635,331,QUADRA 02 CONJUNTO B/C LOTE E,ESCOLA CLASSE 10,3668,9.023991275899673,ESCOLA CLASSE 10,-15.659071,-47.7969356
1,1333,331,SQS 413 AREA ESPECIAL,ESCOLA CLASSE 413 SUL,2820,11.73758865248227,ESCOLA CLASSE 413 SUL,-15.8315425,-47.9128478
8,1899,329,EQNM 01/03,CENTRO DE ENSINO FUNDAMENTAL 02,3984,8.258032128514056,CENTRO DE ENSINO FUNDAMENTAL 02,-15.8211083,-48.1049231
14,1465,329,SGAN 610 MODULO A,CENTRO DE ENSINO MEDIO PAULO FREIRE,2962,11.107359891964888,CENTRO DE ENSINO MEDIO PAULO FREIRE,-15.7558737,-47.8786147
18,1260,327,QUADRA 25 LOTE 01/04 VILA SAO JOSE,ESCOLA MASTER II,3238,10.098826436071649,ESCOLA MASTER II,-15.9078679,-47.7619638
9,1023,322,QE 2 AE A,ESCOLA CLASSE 2,3482,9.247558874210224,ESCOLA CLASSE 2,-15.8143761,-47.9839589
13,1430,322,QS 619 AE 01,CENTRO DE ENSINO FUNDAMENTAL 619,4480,7.187499999999999,CENTRO DE ENSINO FUNDAMENTAL 619,-15.87907431,-48.1225823
8,1929,322,EQNM 20/22,ESCOLA CLASSE 12,3854,8.354955889984431,ESCOLA CLASSE 12,-15.8073356,-48.1051336
10,1236,322,QN 07 LOTE D AREA ESPECIAL 1/2,CENTRO DE ENSINO FUNDAMENTAL 01 DO RIACHO FUNDO II,4940,6.518218623481781,CENTRO DE ENSINO FUNDAMENTAL 01 DO RIACHO FUNDO II,-15.9019614,-48.0481209
19,1082,320,QNC AREA PARA ESCOLA 01/03,CENTRO DE ENSINO MEDIO TAGUATINGA NORTE,4238,7.550731477111845,CENTRO DE ENSINO MEDIO TAGUATINGA NORTE,-15.819365,-48.0660238
21,1163,319,QN 510 CONJUNTO 07 LOTE 1 AE,ESCOLA CLASSE 510 DE SAMAMBAIA,4196,7.602478551000953,ESCOLA CLASSE 510 DE SAMAMBAIA,-15.8808321,-48.071612
17,1171,319,EQ 13/15 AE SETOR SUL,ESCOLA CLASE 29,3578,8.915595304639464,ESCOLA CLASSE 29,-16.0405416,-48.0588518
2,1589,317,QUADRA 23 CONJUNTO I LOTES 04/06,COLÉGIO GONÇALVES DIAS,2878,11.014593467685893,COLÉGIO GONÇALVES DIAS,-15.7674419,-47.7806602
17,1120,316,BR 060 KM 30 - RODOVIA BSB/GOIANIA,CENTRO DE ENSINO FUNDAMENTAL ENGENHO DAS LAJES,2072,15.250965250965251,CENTRO EDUCACIONAL ENGENHO DAS LAJES,-16.0418122,-48.2578786
9,1074,316,QE 20 AE K,ESCOLA CLASSE 5,3268,9.66952264381885,ESCOLA CLASSE 5,-15.8231166,-47.9819804
16,1554,313,QUADRA 12 ÁREA ESPECIAL 05 - SETOR NORTE,CENTRO DE ENSINO FUNDAMENTAL N. 02,3042,10.289283366206444,CENTRO DE ENSINO FUNDAMENTAL N. 02,-15.6723033,-48.1943117
10,1341,311,QS 08 AE 02 - RIACHO FUNDO II,CENTRO DE ENSINO FUNDAMENTAL II,5156,6.031807602792863,CENTRO DE ENSINO FUNDAMENTAL II,-15.9377854,-48.0390943
18,1015,311,VILA DO BOA SEM NUMERO  SAO SEBASTIAO,ESCOLA CLASSE VILA DO BOA,2204,14.110707803992739,ESCOLA CLASSE VILA DO BOA,-15.877915,-47.7911474
21,1015,310,QR 501 CONJUNTO 03 LOTE 01,ESCOLA CLASSE 501 DE SAMAMBAIA,4404,7.03905540417802,ESCOLA CLASSE 501 DE SAMAMBAIA,-15.8856389,-48.0864424
18,1210,310,SHIS QI 05 CONJUNTO 17 LOTE 15,ESCOLA CLASSE 01 - CE,2448,12.663398692810457,ESCOLA CLASSE 01 SHI SUL - LAGO SUL,-15.8478298,-47.8928187
8,1945,308,QNM 14,CENTRO EDUCACIONAL 02,3820,8.06282722513089,CENTRO EDUCACIONAL 02,-15.8075072,-48.1088434
10,1333,308,QRO A AE 01,CENTRO DE ENSINO MÉDIO - JULIA KUBITSCHEK,4540,6.784140969162995,CENTRO DE ENSINO MÉDIO - JULIA KUBITSCHEK,-15.8530535,-47.9461364
18,1023,307,BR 251  KM 38  NOVA BETANIA,CENTRO DE ENSINO FUNDAMENTAL NOVA BETANIA,2072,14.816602316602317,CENTRO DE ENSINO FUNDAMENTAL NOVA BETANIA,-15.9495084,-47.7931446
10,1350,306,QS 18 AE 02 RIACHO FUNDO II,CENTRO EDUCACIONAL Nº 1 DO RIACHO FUNDO II,4404,6.948228882833788,CENTRO EDUCACIONAL Nº 1 DO RIACHO FUNDO II,-15.9487028,-48.032624
10,1201,303,"EQ 05/07, AREA ESPECIAL",ESCOLA CLASSE CANDANGOLANDIA,4212,7.193732193732194,ESCOLA CLASSE 1 CANDANGOLANDIA,-15.8480242,-47.9513701
5,1643,302,QUADRA 11 AREA RESERVADA 3,INSTITUTO EDUCACIONAL SANTO ELIAS,3436,8.78928987194412,INSTITUTO EDUCACIONAL SANTO ELIAS,-15.6455046,-47.7874638
18,1279,300,RUA 9 QUADRA 01 CONJUNTO A CHACARA 07 VILA NOVA,ESCOLA FUNDAMENTAL PARAISO,2936,10.217983651226158,COLÉGIO MODELO DE SÃO SEBASTIÃO,-15.9039048,-47.7618392
2,1562,299,QUADRA 03 ÁREA ESPECIAL LOTE 01,CENTRO SOCIAL JOÃO PAULO II,2764,10.817655571635312,CENTRO SOCIAL JOÃO PAULO II,-15.7806653,-47.7839003
3,1341,298,QNJ 20 AE 12,CENTRO DE ENSINO ESPECIAL N 01,3840,7.760416666666667,CENTRO DE ENSINO ESPECIAL 01,-15.8164626,-48.0853715
2,1546,298,"COND. ENTRELAGOS, ROD. DF 250, KM 02",ESCOLA CLASSE CORREGO SOBRADINHO,3308,9.008464328899638,ESCOLA CLASSE CORA CORALINA,-15.7290477,-47.7498921
4,1651,298,QUADRA 17 - LOTE 14-C - 3 ETAPA - CONDOMINIO PORTO RICO,ESCOLA CLASSE 01 - PORTO RICO,4508,6.6104702750665485,ESCOLA CLASSE 01 - PORTO RICO,-16.03498628,-48.01794338
3,1430,298,QNL 28 AREA ESPECIAL 27,CENTRO DE ENSINO FUNDAMENTAL 21,4750,6.273684210526316,ESCOLA CLASSE 55,-15.8157286,-48.0937578
17,1341,297,E Q 44/45 A.E S.LESTE                  ,ESCOLA CLASSE 21 DO GAMA,3784,7.848837209302325,ESCOLA CLASSE 21 DO GAMA,-15.9993494,-48.055489
3,1414,296,EQNL 21/23 AREA ESPECIAL 01,ESCOLA CLASSE N 46,3736,7.922912205567452,ESCOLA CLASSE 46,-15.8141975,-48.0907957
11,1112,296,"QRO, AREA ESPECIAL, SETOR MILITAR URBANO",ESCOLA CLASSE SMU,3516,8.418657565415245,ESCOLA CLASSE SMU,-15.7748641,-47.9312695
16,1562,293,"ZR - DF 070, DF 180 - ALEXANDRE GUSMAO",CENTRO DE ENSINO FUNDAMENTAL- INCRA 08,2932,9.993178717598909,CENTRO DE ENSINO FUNDAMENTAL- INCRA 08,-15.7437574,-48.1701261
19,1104,293,QNG 12 AREA  ESPECIAL 14,ESCOLA CLASSE N 8,3388,8.648170011806375,ESCOLA CLASSE N 8,-15.8011509,-48.0654599
18,1350,292,QUADRA 02 AREA ESPECIAL 03 BAIRRO SÃO BARTOLOMEU,CENTRO DE ENSINO MIGUEL ARCANJO,3294,8.864602307225258,CENTRO DE ENSINO FUNDAMENTAL MIGUEL ARCANJO,-15.892431,-47.7814225
3,1520,288,QNL 16  VIA 02 LOTE 1,ESCOLA CLASSE N 53,4486,6.4199732501114575,ESCOLA CLASSE 53,-15.8312978,-48.0884265
8,1759,287,EQNM 06/08 ,ESCOLA CLASSE 11,3088,9.294041450777202,ESCOLA CLASSE 11,-15.8057371,-48.1130341
9,1317,284,QE 07 AE Q (AO LADO DO CEF 02),CILG -CENTRO INTERESCOLAR DE LINGUAS,3104,9.149484536082474,CILG -CENTRO INTERESCOLAR DE LINGUAS,-15.8160263,-47.9784659
2,1570,284,"QUADRA 25 CONJUNTO A LOTE 18/19, AVENIDA TRANSVERSAL",CENTRO DE ENSINO FUNDAMENTAL 05 DO PARANOA,3458,8.212839791787161,,,
6,1759,275,COND VALE DO SOL DF 134 AREA ESPECIAL LT 1/6,ESCOLA CLASSE VALE DO SOL,2258,12.178919397697078,ESCOLA CLASSE VALE DO SOL,-15.6543682,-47.6514303
21,1074,274,QR 507 CONJUNTO 07 LOTE 1,CENTRO DE ENSINO FUNDAMENTAL 507 DE SAMAMBAIA,3688,7.429501084598698,CENTRO DE ENSINO FUNDAMENTAL 507 DE SAMAMBAIA,-15.8913446,-48.0976977
9,1198,273,QE 7 LT J AREA ESPECIAL,ESCOLA CLASSE 3,2950,9.254237288135593,ESCOLA CLASSE 3,-15.8196194,-47.9794669
6,1287,273,DF 128 KM 8 BICA DO DER,ESCOLA CLASSE ALTAMIR,2494,10.946271050521252,ESCOLA CLASSE ALTAMIR,-15.6332525,-47.6811145
14,1562,272,CAMPUS UNIVERSITARIO DARCY RIBEIRO,UNB - PAVILHAO JOAO CALMON,2336,11.643835616438356,UNB - PAVILHAO JOAO CALMON,-15.75865,-47.8703298
5,1163,269,QUADRA 14 AREA ESPECIAL RUA 5,CENTRO DE ENSINO ESPECIAL Nº 01,2820,9.539007092198581,CENTRO DE ENSINO ESPECIAL Nº 01,-15.6504349,-47.7790945
14,1481,268,SGAN 606 MODULO G/H,CEAN - CENTRO DE ENSINO MEDIO ASA NORTE,2974,9.011432414256893,CEAN - CENTRO DE ENSINO MEDIO ASA NORTE,-15.7666951,-47.8754442
17,1163,266,QUADRA 02 AREA ESPECIAL SETOR NORTE,ESCOLA CLASSE 15,3504,7.591324200913243,ESCOLA CLASSE 15,-16.0036568,-48.061133
19,1260,265,"QNG 09/11, LT 01/02",COLÉGIO IDEAL,3642,7.276221856123009,COLÉGIO IDEAL,-15.8014501,-48.0636285
19,1295,264,RUA 10 CH 323/1,INSTITUTO EDUCACIONAL MONTESQUIEU,3016,8.753315649867375,INSTITUTO EDUCACIONAL MONTESQUIEU,-15.7975627,-48.045581
21,1198,263,QR 519 AREA ESPECIAL 1 SAMAMBAIA SUL,CENTRO DE ENSINO FUNDAMENTAL 519 DE SAMAMBAIA,3078,8.544509421702404,CENTRO DE ENSINO FUNDAMENTAL 519 DE SAMAMBAIA,-15.8970153,-48.1149781
19,1023,260,QNH 06 AREA ESPECIAL,ESCOLA CLASSE N 12,3778,6.881948120698782,ESCOLA CLASSE N 12,-15.8061086,-48.0799564
5,1350,259,ROD DF 150 KM 12 CD ENGENHO VELHO,ESCOLA CLASSE ENGENHO VELHO,2630,9.847908745247148,ESCOLA CLASSE ENGENHO VELHO,-15.6016908,-47.8695073
8,1953,258,EQNM 24/26,ESCOLA CLASSE 13,3234,7.977736549165121,ESCOLA CLASSE 13,-15.7982742,-48.1117395
2,1473,257,AE S/N GRANJA DO TORTO,ESCOLA CLASSE GRANJA DO TORTO,3596,7.146829810901001,ESCOLA CLASSE GRANJA DO TORTO,-15.7052464,-47.9118782
3,1350,256,QNJ 18 AREA ESPECIAL N 10,ESCOLA CLASSE N 29,3320,7.710843373493977,ESCOLA CLASSE 29,-15.814946,-48.0859836
10,1074,251,COMBINADO AGROURBANO I (CAUB I) IPE/RIACHO FUNDO,CENTRO DE ENSINO AGROURBANO,2258,11.116031886625333,CENTRO EDUCACIONAL AGROURBANO IPÊ,-15.9473325,-48.0148775
5,1651,249,QUADRA 15 AREA ESPECIAL 02,ESCOLA CLASSE 04,2416,10.306291390728477,ESCOLA CLASSE 04,-15.6462723,-47.777033
6,1228,248,BR 020 DF 019 NUCLEO RURAL TAQUARA,CENTRO EDUCACIONAL TAQUARA,2562,9.679937548790008,CENTRO EDUCACIONAL TAQUARA,-15.6334555,-47.5221482
10,1368,246,QN 05 ÁREA ESPECIAL 07,ESCOLA CLASSE 02 DO RIACHO FUNDO I,2842,8.655876143560873,ESCOLA CLASSE 02 DO RIACHO FUNDO I,-15.8819836,-48.0154765
3,1660,246,EQNL 17/19 AREA ESPECIAL,CENTRO DE EDUCAÇÃO INFANTIL 06,3470,7.089337175792506,CENTRO DE EDUCAÇÃO INFANTIL 06,-15.8194516,-48.0890817
5,1732,245,AV CENTRAL AE VILA RABELO,ESCOLA CLASSE 17 VILA RABELO,3130,7.827476038338658,ESCOLA CLASSE 17 VILA RABELO,-15.6233148,-47.847149
16,1392,241,AE N 03,ESCOLA CLASSE N 01,2574,9.362859362859362,ESCOLA CLASSE N 01,-15.6817622,-48.2019094
8,1716,240,EQNN 03/05,ESCOLA CLASSE 26,2440,9.836065573770492,ESCOLA CLASSE 26,-15.8127135,-48.114328
16,1538,239,"ZR DF 001 (EPCT) DF 430, RODEADOR",CENTRO EDUCACIONAL IRMÃ MARIA REGINA VELANES RÉGIS,2144,11.147388059701493,CENTRO EDUCACIONAL IRMÃ MARIA REGINA VELANES RÉGIS,-15.6753482,-48.1030879
10,1104,237,3 AVENIDA AE 06 LOTES H/N,ESCOLA CLASSE N 3,2812,8.428165007112376,ESCOLA CLASSE N 3,-15.8742001,-47.9739772
15,1392,237,QS 06 CONJUNTO 430,ESCOLA CLASSE VILA AREAL,2822,8.398299078667613,ESCOLA CLASSE VILA AREAL,-15.859955,-48.025274
6,1546,237,ENTRE AV. CONTORNO/AV. INDEPENDÊNCIA - SETOR HOSPITALAR,ESCOLA TÉCNICA DE SAÚDE DE PLANALTINA,2096,11.307251908396946,ESCOLA TÉCNICA DE SAÚDE DE PLANALTINA,-15.6246916,-47.655052
6,1295,233,DF 130 KM 18-NÚCLEO RURAL SANTOS DUMONT,ESCOLA CLASSE SANTOS DUMONT,1792,13.002232142857142,ESCOLA CLASSE SANTOS DUMONT,-15.678664,-47.6481146
20,1023,233,QNN 14   A.E,CENTRO DE ENSINO MEDIO 04,2840,8.204225352112676,CENTRO DE ENSINO MEDIO 04,-15.8315156,-48.1074836
17,1244,231,QUADRA A LOTE B VILA RORIZ SETOR OESTE,ESCOLA CLASSE 28,2740,8.43065693430657,ESCOLA CLASSE 28,-16.0071482,-48.0829789
2,1554,230,QUADRA 27 CONJUNTO A LOTES 06/07,CENTRO DE ENSINO FUNDAMENTAL ABC,2382,9.655751469353484,CENTRO DE ENSINO FUNDAMENTAL ABC,-15.7661804,-47.7804049
15,1554,229,"QS 01, RUA 212, LOTES 11, 13 E 15",FACULDADE ANHANGUERA DE BRASÍLIA,2156,10.621521335807051,,,
4,1597,226,RUA DAS ADALIAS LOTES 2/6 - DVO - CIDADE NOVA,CENTRO DE ENSINO GESNER TEIXEIRA,2960,7.635135135135135,CENTRO DE ENSINO GESNER TEIXEIRA,-16.04882275,-48.04725548
15,1619,223,"RUA 25 NORTE, LOTE 04",COLÉGIO VISÃO,2506,8.898643256185155,COLÉGIO VISÃO,-15.8376554,-48.0304727
21,1066,223,QR 317 AREA ESPECIAL 3 LOTE 11,ESCOLA CLASSE 317 DE SAMAMBAIA,2922,7.631759069130732,ESCOLA CLASSE 317 DE SAMAMBAIA,-15.8911956,-48.1109533
3,1643,219,QNM 36 CONJUNTO B-2 LOTE 60 - VILA MUTIRAO,CENTRO DE EDUCAÇÃO INFANTIL 03,3212,6.8181818181818175,CENTRO DE EDUCAÇÃO INFANTIL 03,-15.8069295,-48.0979217
9,1279,219,SETOR CENTRAL  AE 03 - VILA ESTRUTURAL,CENTRO ENSINO FUNDAMENTAL 01 - VILA ESTRUTURAL,10040,2.181274900398406,CENTRO ENSINO EDUCACIONAL 01 - VILA ESTRUTURAL(MILITAR),-15.7831601,-47.9974603
16,1457,218,ÁREA ESPECIAL 07 QUADRA 02 - SETOR TRADICIONAL,CENTRO INTERESCOLAR DE LINGUAS DE BRAZLANDIA - CILB,2290,9.519650655021834,CENTRO INTERESCOLAR DE LINGUAS DE BRAZLANDIA - CILB,-15.6859633,-48.2019204
15,1562,214,AVENIDA ARAUCÁRIAS N. 4400,FACULDADE PROCESSUS - CAMPUS II,2232,9.587813620071685,FACULDADE PROCESSUS - CAMPUS II,-15.83388909,-48.04531519
15,1180,207,ECNA 01/02 ÁREA ESPECIAL S/ N,CENTRO DE EDUCAÇÃO INFANTIL Nº 04 (ESCOLA CLASSE Nº 23),2516,8.227344992050874,CENTRO DE EDUCAÇÃO INFANTIL Nº 04 (ESCOLA CLASSE Nº 23),-15.8269269,-48.0577638
16,1333,205,AE N. 01,ESCOLA CLASSE N. 05 - GB,1972,10.39553752535497,ESCOLA CLASSE N. 05 - GB,-15.6876376,-48.1915164
17,1198,203,EQ. 55/56 AE 02 SETOR CENTRAL,CENTRO DE ENSINO ESPECIAL DO GAMA,2500,8.12,CENTRO DE ENSINO ESPECIAL DO GAMA,-16.0146384,-48.062947
16,1619,202,AE N. 02 LT. M/N,CONGREGAÇÃO IRMÃS OBLATAS DO MENINO JESUS,1928,10.477178423236515,CONGREGAÇÃO IRMÃS OBLATAS DO MENINO JESUS,-15.6725622,-48.1921784
5,1490,201,ROD DF 205 OESTE KM 06 COMUNIDADE BOA VISTA,ESCOLA CLASSE BOA VISTA,1694,11.865407319952775,ESCOLA CLASSE BOA VISTA,-15.5883233,-47.922365
9,1210,200,QE 20 LT A AREA ESPECIAL,CENTRO DE ENSINO ESPECIAL 1,2154,9.285051067780872,CENTRO DE ENSINO ESPECIAL 1,-15.8189486,-47.9859579
16,1295,199,QNP 21 AREA ESPECIAL - SETOR HABITACIONAL SOL NASCENTE,CENTRO DE ENSINO FUNDAMENTAL 28,2934,6.78254942058623,CENTRO DE ENSINO FUNDAMENTAL 28,-15.8114953,-48.1395604
9,1180,197,QE 46 AE 05,CENTRO DE ENSINO FUNDAMENTAL 10,2844,6.926863572433192,CENTRO DE ENSINO FUNDAMENTAL 10,-15.8510608,-47.9627426
3,1635,194,EQNJ 23/25 AREA ESPECIAL,CENTRO DE EDUCAÇÃO INFANTIL 05,2472,7.84789644012945,CENTRO DE EDUCAÇÃO INFANTIL 05,-15.8153,-48.0816882
19,1279,194,RUA 06 CH. 276,COLÉGIO VITÓRIA RÉGIA (ANTIGO COLÉGIO MAXIMUS),2394,8.103592314118629,COLÉGIO VITÓRIA RÉGIA UNIDADE 4 (ANTIGO COLÉGIO MAXIMUS),-15.8092108,-48.0247176
19,1139,193,QND 59 ÁREA ESPECIAL Nº 37,CENTRO DE EDUCAÇÃO INFANTIL Nº 02 (ESCOLA CLASSE Nº 30),2198,8.780709736123748,CENTRO DE EDUCAÇÃO INFANTIL Nº 02 (ESCOLA CLASSE Nº 30),-15.8002445,-48.0576871
9,1368,191,QE 42 AE 01,ESCOLA PADRE DI FRANCIA,2302,8.297132927888793,ESCOLA  CLASSE 03  (ANTIGO PADRE DI FRANCIA),-15.8464637,-47.9668542
16,1198,189,NRAG - NUCLEO RURAL ALEXANDRE GUSMAO KM 16 BR 070 INCRA 09,CENTRO EDUCACIONAL INCRA 09,2238,8.445040214477212,CENTRO EDUCACIONAL INCRA 09,-15.7842501,-48.1939626
15,1473,188,"QNA 39, A/E",ESCOLA CLASSE 19 DE TAGUATINGA,2162,8.695652173913043,ESCOLA CLASSE 19 DE TAGUATINGA,-15.82275654,-48.05683838
6,1619,187,LOTE 01 VIA WL 01-SRN,ESCOLA CLASSE 09,1798,10.400444938820911,ESCOLA CLASSE 09,-15.6104549,-47.6451059
9,1171,186,QE 38 CONJ. D AE 12,ESCOLA CLASSE 7,2612,7.120980091883614,ESCOLA CLASSE 7,-15.8477828,-47.9699566
15,1600,184,AVENIDA JEQUITIBÁ N. 325,COLÉGIO IDEAL,2004,9.181636726546905,COLÉGIO IDEAL,-15.84045103,-48.0372573
17,1066,180,EQ 12/16  A.ESPECIALSETOR OESTE,CEMI,2598,6.928406466512701,CEMI,-16.0106559,-48.0745827
5,1686,174,DF 001 KM 6 VILA BASEVI,ESCOLA CLASSE BASEVI,2110,8.246445497630333,ESCOLA CLASSE BASEVI,-15.6457807,-47.8894055
20,1198,174,"SETOR HABITACIONAL POR DO SOL, EQ. 500/700 ÁREA ESPECIAL",CENTRO DE ENSINO FUNDAMENTAL 32 (ANTIGO ESCOLA CLASSE 67),2056,8.463035019455253,CENTRO DE ENSINO FUNDAMENTAL 32 (ANTIGA E.C. 67),-15.857202,-48.1238753
19,1058,174,QNC 15 AREA ESPECIAL N 15,ESCOLA CLASSE N 39,2050,8.487804878048781,ESCOLA CLASSE N 39,-15.8252025,-48.0677586
6,1481,173,DF 120 NÚCLEO RURAL TABATINGA,CENTRO EDUCACIONAL VARZEAS,1414,12.234794908062236,CENTRO EDUCACIONAL VARZEAS,-15.8208781,-47.5704574
19,1066,169,EQNG 06/07 AREA ESPECIAL N 15,ESCOLA CLASSE N 16,2226,7.592093441150046,ESCOLA CLASSE N 16,-15.7963881,-48.0600072
16,1481,167,"ZR - DF 240 (DF 008) DF 445, 4 KM ESQ.",ESCOLA CLASSE RURAL CHAPADINHA,1194,13.986599664991624,ESCOLA CLASSE RURAL CHAPADINHA,-15.675223,-48.1516032
9,1350,167,EQE 15/17 LOTE A,ESCOLA ADVENTISTA - EM FRENTE AO POSTO PETROBRAS,1818,9.185918591859187,,,
6,1686,163,GLEBA G LOTE 22 NÚCLEO RURAL JARDIM MORUMBI,CENTRO EDUCACIONAL OSORIO BACCHIN,1274,12.794348508634224,CENTRO EDUCACIONAL OSORIO BACCHIN,-15.5268748,-47.6303645
16,1511,158,"PIQ 05, LOTE 01, SETOR VEREDAS",CENTRO DE EDUCACAO INFANTIL 01 DE BRAZLANDIA,1638,9.645909645909647,CENTRO DE EDUCACAO INFANTIL 01 DE BRAZLANDIA,-15.667385,-48.19872
3,1651,156,QNM 38 AREA ESPECIAL,ESCOLA CLASSE N 52,1990,7.839195979899498,ESCOLA CLASSE 52,-15.8014399,-48.1021915
19,1198,153,QNB 15 ÁREA ESPECIAL S/ Nº,CEF Nº 14,2042,7.492654260528893,CEF Nº 14,-15.8190207,-48.0636747
15,1295,152,SMPW 04 CJ 04 LT 05 - COL. AGR. ARNIQUEIRA,ESCOLA CLASSE ARNIQUEIRA,1950,7.794871794871796,ESCOLA CLASSE ARNIQUEIRA,-15.8621848,-48.0008416
21,1295,150,QUADRA 801 ÁREA ESPECIAL CONJUNTO 01,CENTRO DE ENSINO FUNDAMENTAL 801,1840,8.152173913043478,CENTRO DE ENSINO FUNDAMENTAL 801 DO RECANTO DAS EMAS,-15.919084,-48.0521707
16,1171,149,BR 070 - DF 180/190 FAZENDA CACHOEIRA NUCLEO RURAL BOA ESPERANCA,CENTRO DE ENSINO FUNDAMENTAL BOA ESPERANÇA,1348,11.053412462908012,CENTRO DE ENSINO FUNDAMENTAL BOA ESPERANÇA,-15.8284845,-48.2466984
9,1260,147,PRACA CENTRAL,ESCOLA CLASSE VILA ESTRUTURAL,5472,2.68640350877193,ESCOLA CLASSE VILA ESTRUTURAL,-15.7814642,-47.9975201
6,1694,145,DF 006 NÚCLEO RURAL RAJADINHA,ESCOLA CLASSE RAJADINHA,1212,11.963696369636963,ESCOLA CLASSE RAJADINHA,-15.7536796,-47.6506491
15,1112,145,QSC 01 AE 01                         ,ESCOLA CLASSE N 1,1714,8.459743290548424,ESCOLA CLASSE N 1,-15.83603019,-48.06179764
16,1503,143,"ZR - ROD. DF 180, KM 06 (DCAG), N.R.ALEX. GUSMAO",ESCOLA CLASSE INCRA 06,1176,12.15986394557823,ESCOLA CLASSE INCRA 06,-15.7284949,-48.1925705
9,1309,142,QD 03 CJ A AE 06 - VILA ESTRUTURAL,ESCOLA CLASSE 02 - VILA ESTRUTURAL,7384,1.9230769230769231,ESCOLA CLASSE 02 - VILA ESTRUTURAL,-15.7824722,-47.99876
16,1376,141,ZR - DF 001 (EPCT) DF 430/415 KM 06,ESCOLA CLASSE POLO AGRICOLA TORRE,1044,13.505747126436782,ESCOLA CLASSE POLO AGRICOLA TORRE,-15.6268943,-48.1201404
11,1104,140,"VILA DO RCG, RUA C, ÁREA ESPECIAL, S/N",ESCOLA CLASSE DA VILA DO RCG,1824,7.675438596491229,ESCOLA CLASSE DA VILA DO RCG,-15.7622585,-47.9497228
18,1317,140,DF 285 KM 20 NÚCLEO RURAL JARDIM II,CENTRO DE ENSINO FUNDAMENTAL JARDIM II,584,23.972602739726025,CENTRO DE ENSINO FUNDAMENTAL JARDIM II,-16.0169475,-47.3805075
8,1902,138,EQNM 07/09,ESCOLA CLASSE 19,1458,9.465020576131687,ESCOLA CLASSE 19,-15.8360155,-48.0972243
9,1333,137,QD 02 AE CONJUNTO 01/02,CENTRO DE ENSINO FUNDAMENTAL 02 - VILA ESTRUTURAL,5596,2.4481772694781987,CENTRO DE ENSINO FUNDAMENTAL 02 - VILA ESTRUTURAL,-15.7862416,-47.9891327
6,1562,135,MODULO 01 RUA 01/16-ESTÂNCIA III,CENTRO DE ENSINO FUNDAMENTAL COND ESTÂNCIA III,856,15.771028037383179,CENTRO DE ENSINO FUNDAMENTAL COND ESTÂNCIA III,-15.6178621,-47.6867358
6,1279,135,DF 250 NUCLEO RURAL SÃO JOSÉ,CENTRO DE ENSINO FUNDAMENTAL  SÃO JOSÉ,1008,13.392857142857142,CENTRO DE ENSINO FUNDAMENTAL  SÃO JOSÉ,-15.7041622,-47.3737344
17,1287,134,QUADRA 10 - ÁREA ESPECIAL,JARDIM DE INFÂNCIA 05,1682,7.966706302021404,JARDIM DE INFÂNCIA 05,-16.0263332,-48.0804741
5,1783,133,QUADRA 6 AREA ESPECIAL 1 RUA 5,ESCOLA CLASSE 01,1336,9.95508982035928,ESCOLA CLASSE 01,-15.6498467,-47.7985483
2,1317,133,"CHÁCARA INTERLAGOS, N 10A, ALTIPLANO LESTE",ESCOLA CLASSE ALTO INTERLAGOS,1080,12.314814814814815,ESCOLA CLASSE ALTO INTERLAGOS,-15.826611,-47.7439474
18,1368,128,DF 130 KM 32,ESCOLA CLASSE NÚCLEO RURAL CAFÉ SEM TROCO,1246,10.272873194221509,ESCOLA CLASSE CAFÉ SEM TROCO,-15.9192124,-47.6055003
10,1392,128,"AVENIDA CEDRO, AE 15, QS 16, FAZENDA SUCUPIRA",ESCOLA TÉCNICA DO RIACHO FUNDO - IFB,1994,6.41925777331996,INSTITUTO FEDERAL DE BRASÍLIA - CAMPUS RIACHO FUNDO,-15.8809934,-48.0085489
6,1252,127,BR 020 DF 365 DF 017 NUCLEO RURAL PIPIRIPAU,CENTRO DE ENSINO FUNDAMENTAL PIPIRIPAU II,1220,10.40983606557377,CENTRO DE ENSINO FUNDAMENTAL PIPIRIPAU II,-15.5349437,-47.512018
5,1740,122,DF 150 KM 11 CHACARA 4 ESTRADA DA FERCAL,ESCOLA CLASSE RUA DO MATO,1218,10.016420361247947,ESCOLA CLASSE RUA DO MATO,-15.6110748,-47.8772901
5,1368,121,DF 001 GRANJA SANTA HELENA,ESCOLA CLASSE SANTA HELENA,1192,10.151006711409396,ESCOLA CLASSE SANTA HELENA,-15.7063483,-47.79943
10,1163,116,EPCT DF 001 - SENTIDO GAMA/TAGUAT-CAUB II -,ESCOLA CLASSE AGROVILA II,1652,7.021791767554479,ESCOLA CLASSE AGROVILA II,-15.9393935,-48.0348171
8,1937,115,EQNM 03/05,ESCOLA CLASSE 18,1814,6.339581036383682,ESCOLA CLASSE 18,-15.8261488,-48.102748
6,1660,114,FAZENDA MESTRE DARMAS,ESCOLA CLASSE APRODARMAS,830,13.734939759036143,ESCOLA CLASSE APRODARMAS,-15.6642626,-47.6574224
6,1490,113,DF 320 NÚCLEO RURAL RIO PRETO,CENTRO DE ENSINO FUNDAMENTAL RIO PRETO,832,13.581730769230768,CENTRO DE ENSINO FUNDAMENTAL RIO PRETO,-15.7629614,-47.4928285
9,1325,107,QUADRA 03 AE 01 SETOR NORTE,CENTRO EDUCACIONAL INFANTIL 01 DA VILA ESTRUTURAL,4038,2.6498266468548786,CENTRO EDUCACIONAL INFANTIL 01 DA VILA ESTRUTURAL,-15.7790841,-47.9941788
5,1627,101,QUADRA 11 AREA ESPECIAL,ESCOLA CLASSE 11,1246,8.105939004815408,ESCOLA CLASSE 11,-15.6456349,-47.7888056
5,1805,97,QMS 49 LOTE 2 - MORADA DA SERRA,INSTITUTO PIAGENTIANO DE EDUCAÇÃO,1214,7.990115321252059,CENTRO DE EDUCAÇÃO NERY LACERDA - CENEL,-15.6367978,-47.8444844
17,1422,84,SIGA A.E. 02 SETOR LESTE,FACULDADES INTEGRADAS DA UNIAO EDUC. DO PLANALTO CENTRAL - FACIPLAC,1356,6.1946902654867255,UNICEPLAC - CENTRO UNIV. DO PLANALTO CENTRAL APPARECIDO DOS SANTOS,-16.0016073,-48.0508405
21,1287,83,QUADRA 602 CONJUNTO 01 LOTE 01,CENTRO DE ENSINO FUNDAMENTAL 602,1194,6.95142378559464,CENTRO DE ENSINO FUNDAMENTAL 602 DO RECANTO DAS EMAS,-15.915566,-48.0543466
5,1317,83,DF 205 FAZENDA CORREGO DO OURO,ESCOLA CLASSE CORREGO DO OURO,332,25.0,ESCOLA CLASSE CORREGO DO OURO,-15.513346,-47.9228912
16,1414,81,AE 01 LOTE K/L/M/N - SETOR NORTE,CENTRO DE CONVIVÊNCIA BRAZLÂNDIA CENTRAL (COSE),870,9.310344827586208,CENTRO DE CONVIVÊNCIA BRAZLÂNDIA CENTRAL (COSE),-15.6826374,-48.1973122
8,1457,80,QNN 13,CENTRO EDUCACIONAL 07,916,8.73362445414847,CENTRO EDUCACIONAL 07,-15.8119053,-48.1184777
5,1821,77,SITIO PATRICIA DF 325 KM 8/9 LOBERAL ZONA RURAL,CENTRO DE ENSINO FUNDAMENTAL QUEIMA LENÇOL,492,15.650406504065039,CENTRO DE ENSINO FUNDAMENTAL QUEIMA LENÇOL,-15.5892085,-47.8435432
6,1171,75,BR 020 KM 18 NUCLEO EXPERIMENTAL EMBRAPA,ESCOLA CLASSE ETA 44,736,10.190217391304348,ESCOLA CLASSE ETA 44,-15.592917,-47.7296058
16,1473,74,BR - 080 KM 25 ESTRADA DE BRAZLÂNDIA PARA PADRE BERNARDO,CENTRO DE ENSINO FUNDAMENTAL VENDINHA,888,8.333333333333332,CENTRO DE ENSINO FUNDAMENTAL VENDINHA,-15.6211036,-48.1993693
16,1589,71,AE 05 - SETOR TRADICIONAL,CAIC - PROFESSOR BENEDITO CARLOS DE OLIVEIRA,762,9.317585301837271,CAIC - PROFESSOR BENEDITO CARLOS DE OLIVEIRA,-15.6780636,-48.2033573
6,1210,69,BR 020 DF 335 FAZENDA MONJOLO,ESCOLA CLASSE MONJOLO,664,10.391566265060241,ESCOLA CLASSE MONJOLO,-15.5377964,-47.6862922
5,1309,67,DF 205 KM 13 ESTRADA SECUNDARIA,ESCOLA CLASSE CATINGUEIRO,416,16.105769230769234,ESCOLA CLASSE CATINGUEIRO,-15.5636765,-47.9353741
16,1228,66,QNP 13 - AREA ESPECIAL - SETOR P NORTE,CENTRO DE ENSINO MEDIO 12,986,6.693711967545639,CENTRO DE ENSINO MEDIO 12,-15.80943551,-48.13025988
16,1570,64,"ZR - DF 249 - DF 008, N.R.ALEX. GUSMAO",ESCOLA CLASSE  INCRA 07,846,7.5650118203309695,ESCOLA CLASSE  INCRA 07,-15.7489835,-48.11491
2,1627,63,DF 250 - VIA LAGO NORTE - KM 07 - NR,ESCOLA CLASSE SOBRADINHO DOS MELOS,416,15.144230769230768,ESCOLA CLASSE SOBRADINHO DOS MELOS,-15.7970072,-47.6939568
2,1643,62,"SMLN - TRECHO 04, CONJUNTO 01, CH 160",ESCOLA CLASSE ASPALHA,566,10.954063604240282,ESCOLA CLASSE ASPALHA,-15.7325081,-47.8337997
10,1406,60,QN 14B CONJ 6 LOTES 19/20,COLÉGIO EDUCANDÁRIO DA FÁTIMA,802,7.4812967581047385,COLÉGIO EDUCANDÁRIO DE FÁTIMA,-15.8980134,-48.0489503
2,1635,53,BR-020 - CH OLHOS DAGUA - N 22,ESCOLA CLASSE OLHOS DÁGUA,392,13.520408163265307,ESCOLA CLASSE OLHOS D'ÁGUA,-15.6932967,-47.8641668
10,1260,52,QS 4 AE  LOTE A,ESCOLA CLASSE VERDE DO RIACHO FUNDO I,1102,4.71869328493648,ESCOLA CLASSE VERDE DO RIACHO FUNDO I,-15.8849527,-48.0147093
16,1350,49,"BR 080 KM 37 FAZ. CURRALINHO, ESTRADA DE PADRE BERNARDO",CENTRO EDUCACIONAL 04 (CURRALINHO),488,10.040983606557377,CENTRO EDUCACIONAL 04 (CURRALINHO),-15.5343677,-48.1905073
16,1309,38,RUA DA CASCALHEIRA S/N - VC 311,ESCOLA CLASSE DO SETOR P NORTE,820,4.634146341463414,ESCOLA CLASSE DO SETOR P NORTE,-15.8318172,-48.1380688
6,1821,36,SETOR EDUCACIONAL LT 01,CENTRO DE ENSINO ESPECIAL 01,394,9.137055837563452,CENTRO DE ENSINO ESPECIAL 01,-15.6196724,-47.6538776
5,1813,35,"BR 020 KM 2 COND. GRAN VILLE, LOTE 9",INSTITUTO PEDAGOGICO CRESCER,392,8.928571428571429,INSTITUTO PEDAGOGICO CRESCER,-15.6824259,-47.8416279
5,1694,32,BR 020 KM 13/14 NUCLEO RURAL CORREGO DO ARROZAL,ESCOLA CLASSE CORREGO DO ARROZAL,806,3.970223325062035,ESCOLA CLASSE CORREGO DO ARROZAL,-15.6455692,-47.7348842
16,1341,32,ZONA RURAL FAZ. ALMECEGAS BR-080 - DF 206 VC 505,ESCOLA CLASSE  ALMECEGAS,232,13.793103448275861,ESCOLA CLASSE  ALMECEGAS,-15.5388316,-48.1687854
5,1597,18,FAZENDA SOBRADINHO PROX. AO POLO DE CINEMA,ESCOLA CLASSE MORRO DO SANSAO,188,9.574468085106384,ESCOLA CLASSE MORRO DO SANSAO,-15.6197231,-47.8231737
16,1520,11,"ZR-DF-240-ACESSO P/VSJ, KM 3,7",ESCOLA CLASSE BUCANHAO,94,11.702127659574469,ESCOLA CLASSE BUCANHAO,-15.636873,-48.1696093
18,1384,8,"NÚCLEO RURAL AGUILHADA, BR-251, RA 14 - SÃO SEBASTIÃO/DF",UNIDADE DE INTERNAÇÃO DE SÃO SEBASTIÃO,144,5.555555555555555,UNIDADE DE INTERNAÇÃO DE SÃO SEBASTIÃO,-15.938829,-47.7617312
21,1317,5,ESTRADA CONTORNO TAGUATINGA/GAMA KM 03 - GRANJA DAS OLIVEIRAS,UNIRE - UNIDADE DE INTERNAÇÃO DO RECANTO DAS EMAS,220,2.272727272727273,,,
4,1678,4,"NÚCLEO RURAL ALAGADOS, RA 8",UNIDADE DE INTERNAÇÃO DE SANTA MARIA - UISM,66,6.0606060606060606,UNIDADE DE INTERNAÇÃO DE SANTA MARIA - UISM,-16.01595878,-48.02337821
6,1945,1,LOTES 44/45 BAIRRO NOSSA SENHORA DE FÁTIMA,UNIDADE DE INTERNAÇÃO DE PLANALTINA,68,1.4705882352941175,UNIDADE DE INTERNAÇÃO DE PLANALTINA,-15.6406091,-47.6645903
