SQ_CANDIDATO,NM_URNA_CANDIDATO,SG_PARTIDO,NR_PARTIDO,votos,cargo,ano,receita_total,receita_real_2024,votos_por_mil_real,escore,bloco
70000614515,IBANEIS,MDB,15,1676582,Governador,2018,6126225.79,8699240.6218,192.7273968946833,7.01,DIREITA
70001651044,IBANEIS ROCHA,MDB,15,832633,Governador,2022,7055576.95,7972801.9535,104.43417569584561,7.01,DIREITA
70000614410,LEILA DO VÔLEI,PSB,40,467787,Senador,2018,3067994.03,4356551.5226,107.37552340958513,4.05,ESQUERDA
70000625515,IZALCI,PSDB,45,403735,Senador,2018,2988000.0,4242960.0,95.15409054056602,7.11,DIREITA
70001677309,DAMARES ALVES,REPUBLICANOS,10,714562,Senador,2022,3944025.0,4456748.25,160.3325922661214,7.78,DIREITA
70000610837,ERIKA KOKAY,PT,13,89986,Deputado Federal,2018,1094402.13,1554051.0245999997,57.90414766024924,2.97,ESQUERDA
70000614421,PROFESSOR ISRAEL,PV,43,67598,Deputado Federal,2018,697295.3,990159.326,68.26982105302112,5.29,CENTRO
70000614533,CELINA LEÃO,PP,11,31610,Deputado Federal,2018,2220986.25,3153800.4749999996,10.022828092826641,8.2,DIREITA
70000614972,BIA KICIS,PRP,44,86415,Deputado Federal,2018,320714.03,455413.9226,189.75045713721008,,DESCONHECIDO
70000618958,JULIO CESAR,PRB,10,79775,Deputado Federal,2018,1574914.41,2236378.4622,35.67151148536938,,DESCONHECIDO
70000618962,PAULA BELMONTE,PPS,23,46069,Deputado Federal,2018,2500000.0,3550000.0,12.97718309859155,,DESCONHECIDO
70000625528,FLAVIA ARRUDA,PR,22,121340,Deputado Federal,2018,2404000.0,3413680.0,35.5452180637904,,DESCONHECIDO
70000625533,LUIS MIRANDA,DEM,25,65107,Deputado Federal,2018,530718.0,753619.5599999999,86.3923967153931,8.57,DIREITA
70001595679,ERIKA KOKAY,PT,13,146092,Deputado Federal,2022,2628743.63,2970480.3018999994,49.181272101537125,2.97,ESQUERDA
70001595684,PROFESSOR REGINALDO VERAS,PV,43,54557,Deputado Federal,2022,1047038.97,1183154.0361,46.11149379994073,5.29,CENTRO
70001615666,FRED LINHARES,REPUBLICANOS,10,165358,Deputado Federal,2022,604470.01,683051.1113,242.08730102976702,7.78,DIREITA
70001615669,GILVAN MAXIMO,REPUBLICANOS,10,20923,Deputado Federal,2022,1441568.6099999999,1628972.5292999996,12.844292720510769,7.78,DIREITA
70001615670,JULIO CESAR,REPUBLICANOS,10,76274,Deputado Federal,2022,1229546.03,1389387.0139,54.897590978556366,7.78,DIREITA
70001615922,BIA KICIS,PL,22,214733,Deputado Federal,2022,2127425.09,2403990.3516999995,89.32356980890127,7.78,DIREITA
70001615924,FRAGA,PL,22,28825,Deputado Federal,2022,1810000.0,2045299.9999999998,14.093287048354766,7.78,DIREITA
70001650514,RAFAEL PRUDENTE,MDB,15,121307,Deputado Federal,2022,3048153.8200000003,3444413.8166,35.21847445140689,7.01,DIREITA
70000600747,JOAO CARDOSO PROFESSOR-AUDITOR,AVANTE,70,12654,Deputado Distrital,2018,48993.56,69570.85519999999,181.88650928068512,6.32,DIREITA
70000600750,REGINALDO SARDINHA,AVANTE,70,6738,Deputado Distrital,2018,96287.0,136727.53999999998,49.280488773512644,6.32,DIREITA
70000601715,VALDELINO BARCELOS,PP,11,9704,Deputado Distrital,2018,225724.52,320528.8184,30.27496887312645,8.2,DIREITA
70000602365,JÚLIA LUCY,NOVO,30,7655,Deputado Distrital,2018,29679.03,42144.222599999994,181.63818259634957,8.13,DIREITA
70000602732,FÁBIO FELIX,PSOL,50,10955,Deputado Distrital,2018,68797.58,97692.5636,112.1375015283149,1.28,ESQUERDA
70000604873,HERMETO,PHS,31,11552,Deputado Distrital,2018,148311.32,210602.0744,54.852261227299664,,DESCONHECIDO
70000605604,DELEGADO FERNANDO FERNANDES,PROS,90,29420,Deputado Distrital,2018,85162.61,120930.9062,243.27941404279332,7.47,DIREITA
70000607609,CLÁUDIO ABRANTES,PDT,12,14238,Deputado Distrital,2018,178515.0,253491.3,56.16760811909521,3.92,ESQUERDA
70000607617,PROFESSOR REGINALDO VERAS,PDT,12,27998,Deputado Distrital,2018,67629.4,96033.74799999999,291.5433437003834,3.92,ESQUERDA
70000608909,MARTINS MACHADO,PRB,10,29457,Deputado Distrital,2018,276941.38,393256.7596,74.90526044603048,,DESCONHECIDO
70000608912,DELMASSO,PRB,10,23227,Deputado Distrital,2018,928441.15,1318386.433,17.617748043073195,,DESCONHECIDO
70000610807,ARLETE SAMPAIO,PT,13,15537,Deputado Distrital,2018,179444.5,254811.18999999997,60.97455924129549,2.97,ESQUERDA
70000610817,CHICO VIGILANTE,PT,13,20975,Deputado Distrital,2018,130850.0,185807.0,112.8859515518791,2.97,ESQUERDA
70000611641,AGACIEL MAIA,PR,22,17715,Deputado Distrital,2018,972000.0,1380240.0,12.83472439575726,,DESCONHECIDO
70000612417,LEANDRO GRASS,REDE,18,6578,Deputado Distrital,2018,37392.0,53096.64,123.88731189016856,4.77,CENTRO
70000614448,RAFAEL PRUDENTE,MDB,15,26373,Deputado Distrital,2018,823114.7,1168822.8739999998,22.563726794415906,7.01,DIREITA
70000614552,ROBÉRIO NEGREIROS,PSD,55,18819,Deputado Distrital,2018,935597.5,1328548.45,14.16508370470042,7.09,DIREITA
70000614564,JORGE VIANNA,PODE,19,13070,Deputado Distrital,2018,189269.69,268762.9598,48.630213068519716,7.24,DIREITA
70000614991,DANIEL DONIZET,PRP,44,9128,Deputado Distrital,2018,21976.48,31206.601599999998,292.50221209604575,,DESCONHECIDO
70000615687,JAQUELINE SILVA,PTB,14,13044,Deputado Distrital,2018,292400.0,415208.0,31.4155796612782,6.1,DIREITA
70000616373,EDUARDO PEDROSA,PTC,36,12806,Deputado Distrital,2018,816070.33,1158819.8686,11.0508978547902,,DESCONHECIDO
70000620301,LUZIA DE PAULA,PSB,40,9482,Deputado Distrital,2018,603594.0,857103.48,11.062841560274613,4.05,ESQUERDA
70000620310,ROOSEVELT VILELA,PSB,40,12257,Deputado Distrital,2018,161813.88,229775.7096,53.34332345806843,4.05,ESQUERDA
70000627444,IOLANDO,PSC,20,13000,Deputado Distrital,2018,92388.98,131192.3516,99.09114244431305,8.33,DIREITA
70001596090,GABRIEL MAGNO,PT,13,18063,Deputado Distrital,2022,265838.14,300397.0982,60.130407744398106,2.97,ESQUERDA
70001596094,RICARDO VALE,PT,13,17077,Deputado Distrital,2022,345224.64,390103.8432,43.775523614221086,2.97,ESQUERDA
70001596100,CHICO VIGILANTE,PT,13,43854,Deputado Distrital,2022,650998.95,735628.8134999999,59.61430438178453,2.97,ESQUERDA
70001600818,ROGÉRIO MORRO DA CRUZ,PMN,33,18207,Deputado Distrital,2022,154200.5,174246.56499999997,104.48986469259812,6.88,DIREITA
70001601757,MAX MACIEL,PSOL,50,35758,Deputado Distrital,2022,196775.18,222355.95339999997,160.8142235601595,1.28,ESQUERDA
70001601758,FÁBIO FELIX,PSOL,50,51792,Deputado Distrital,2022,896403.47,1012935.9210999999,51.1305788659922,1.28,ESQUERDA
70001609144,EDUARDO PEDROSA,UNIÃO,44,22489,Deputado Distrital,2022,871972.6,985329.0379999998,22.823847803823686,8.34,DIREITA
70001611506,JOAO CARDOSO PROFESSOR AUDITOR,AVANTE,70,17579,Deputado Distrital,2022,153382.49,173322.21369999996,101.42381420553022,6.32,DIREITA
70001615869,THIAGO MANZONI,PL,22,25554,Deputado Distrital,2022,150792.64,170395.6832,149.9685879366221,7.78,DIREITA
70001615870,JOAQUIM RORIZ NETO,PL,22,21057,Deputado Distrital,2022,1139100.0,1287182.9999999998,16.358979259359394,7.78,DIREITA
70001615877,ROOSEVELT VILELA,PL,22,20223,Deputado Distrital,2022,635100.0,717662.9999999999,28.178964221368528,7.78,DIREITA
70001615885,DANIEL DONIZET,PL,22,33573,Deputado Distrital,2022,796200.0,899705.9999999999,37.31552307086982,7.78,DIREITA
70001616707,MARTINS MACHADO,REPUBLICANOS,10,31993,Deputado Distrital,2022,462931.03,523112.0639,61.15897951479074,7.78,DIREITA
70001620311,DOUTORA JANE,AGIR,36,19006,Deputado Distrital,2022,231572.07,261676.4391,72.63168233780816,7.86,DIREITA
70001620312,JAQUELINE SILVA,AGIR,36,26452,Deputado Distrital,2022,1277000.0,1443009.9999999998,18.331127296415136,7.86,DIREITA
70001636075,DAYSE AMARILIO,PSB,40,11012,Deputado Distrital,2022,284382.35,321352.05549999996,34.267712969397834,4.05,ESQUERDA
70001650204,PEPA,PP,11,15393,Deputado Distrital,2022,226330.0,255752.89999999997,60.18700081211201,8.2,DIREITA
70001650210,PASTOR DANIEL DE CASTRO,PP,11,20402,Deputado Distrital,2022,283900.0,320806.99999999994,63.59586916744336,8.2,DIREITA
70001650805,WELLINGTON LUIZ ,MDB,15,16933,Deputado Distrital,2022,282846.55,319616.60149999993,52.979100336250845,7.01,DIREITA
70001650807,HERMETO,MDB,15,20332,Deputado Distrital,2022,371378.48,419657.68239999993,48.44901178437238,7.01,DIREITA
70001650810,IOLANDO,MDB,15,20757,Deputado Distrital,2022,175798.48,198652.2824,104.48910905641827,7.01,DIREITA
70001654541,ROBÉRIO NEGREIROS,PSD,55,31341,Deputado Distrital,2022,687294.06,776642.2877999999,40.35448557505138,7.09,DIREITA
70001654552,JORGE VIANNA,PSD,55,30640,Deputado Distrital,2022,180646.66,204130.7258,150.09989250721608,7.09,DIREITA
70001728079,PAULA BELMONTE,CIDADANIA,23,17208,Deputado Distrital,2022,1270000.0,1435099.9999999998,11.990802034701417,4.92,CENTRO
